<annotation>
	<folder>train</folder>
	<filename>train_sya_166.jpg</filename>
	<path>C:\Users\User\Desktop\train\train_sya_166.jpg</path>
	<source>
		<database>Unknown</database>
	</source>
	<size>
		<width>640</width>
		<height>640</height>
		<depth>3</depth>
	</size>
	<segmented>0</segmented>
	<object>
		<name>empty</name>
		<pose>Unspecified</pose>
		<truncated>0</truncated>
		<difficult>1</difficult>
		<bndbox>
			<xmin>257</xmin>
			<ymin>432</ymin>
			<xmax>278</xmax>
			<ymax>475</ymax>
		</bndbox>
	</object>
	<object>
		<name>empty</name>
		<pose>Unspecified</pose>
		<truncated>0</truncated>
		<difficult>1</difficult>
		<bndbox>
			<xmin>360</xmin>
			<ymin>251</ymin>
			<xmax>392</xmax>
			<ymax>307</ymax>
		</bndbox>
	</object>
</annotation>
