<annotation>
	<folder>train</folder>
	<filename>train_sya_16.jpg</filename>
	<path>C:\Users\User\Desktop\train\train_sya_16.jpg</path>
	<source>
		<database>Unknown</database>
	</source>
	<size>
		<width>640</width>
		<height>640</height>
		<depth>3</depth>
	</size>
	<segmented>0</segmented>
	<object>
		<name>empty</name>
		<pose>Unspecified</pose>
		<truncated>0</truncated>
		<difficult>1</difficult>
		<bndbox>
			<xmin>283</xmin>
			<ymin>436</ymin>
			<xmax>318</xmax>
			<ymax>486</ymax>
		</bndbox>
	</object>
</annotation>
