<annotation>
	<folder>train</folder>
	<filename>train_sya_176.jpg</filename>
	<path>C:\Users\User\Desktop\train\train_sya_176.jpg</path>
	<source>
		<database>Unknown</database>
	</source>
	<size>
		<width>640</width>
		<height>640</height>
		<depth>3</depth>
	</size>
	<segmented>0</segmented>
	<object>
		<name>empty</name>
		<pose>Unspecified</pose>
		<truncated>0</truncated>
		<difficult>1</difficult>
		<bndbox>
			<xmin>423</xmin>
			<ymin>243</ymin>
			<xmax>466</xmax>
			<ymax>310</ymax>
		</bndbox>
	</object>
	<object>
		<name>empty</name>
		<pose>Unspecified</pose>
		<truncated>0</truncated>
		<difficult>1</difficult>
		<bndbox>
			<xmin>277</xmin>
			<ymin>415</ymin>
			<xmax>314</xmax>
			<ymax>480</ymax>
		</bndbox>
	</object>
</annotation>
