<annotation>
	<folder>train</folder>
	<filename>train_sya_204.jpg</filename>
	<path>C:\Users\User\Desktop\train\train_sya_204.jpg</path>
	<source>
		<database>Unknown</database>
	</source>
	<size>
		<width>640</width>
		<height>640</height>
		<depth>3</depth>
	</size>
	<segmented>0</segmented>
	<object>
		<name>empty</name>
		<pose>Unspecified</pose>
		<truncated>0</truncated>
		<difficult>1</difficult>
		<bndbox>
			<xmin>479</xmin>
			<ymin>175</ymin>
			<xmax>549</xmax>
			<ymax>225</ymax>
		</bndbox>
	</object>
	<object>
		<name>empty</name>
		<pose>Unspecified</pose>
		<truncated>0</truncated>
		<difficult>1</difficult>
		<bndbox>
			<xmin>410</xmin>
			<ymin>101</ymin>
			<xmax>534</xmax>
			<ymax>162</ymax>
		</bndbox>
	</object>
	<object>
		<name>empty</name>
		<pose>Unspecified</pose>
		<truncated>1</truncated>
		<difficult>1</difficult>
		<bndbox>
			<xmin>1</xmin>
			<ymin>397</ymin>
			<xmax>54</xmax>
			<ymax>438</ymax>
		</bndbox>
	</object>
	<object>
		<name>empty</name>
		<pose>Unspecified</pose>
		<truncated>0</truncated>
		<difficult>1</difficult>
		<bndbox>
			<xmin>518</xmin>
			<ymin>288</ymin>
			<xmax>565</xmax>
			<ymax>331</ymax>
		</bndbox>
	</object>
</annotation>
