<annotation>
	<folder>train</folder>
	<filename>train_sya_505.jpg</filename>
	<path>C:\Users\User\Desktop\train\train_sya_505.jpg</path>
	<source>
		<database>Unknown</database>
	</source>
	<size>
		<width>640</width>
		<height>640</height>
		<depth>3</depth>
	</size>
	<segmented>0</segmented>
	<object>
		<name>empty</name>
		<pose>Unspecified</pose>
		<truncated>0</truncated>
		<difficult>1</difficult>
		<bndbox>
			<xmin>240</xmin>
			<ymin>423</ymin>
			<xmax>278</xmax>
			<ymax>497</ymax>
		</bndbox>
	</object>
	<object>
		<name>empty</name>
		<pose>Unspecified</pose>
		<truncated>0</truncated>
		<difficult>1</difficult>
		<bndbox>
			<xmin>373</xmin>
			<ymin>426</ymin>
			<xmax>399</xmax>
			<ymax>488</ymax>
		</bndbox>
	</object>
</annotation>
