<annotation>
	<folder>train</folder>
	<filename>train_sya_649.jpg</filename>
	<path>C:\Users\Asus\OneDrive - Swinburne University Of Technology Sarawak Campus\Intelligent Systems-DESKTOP-83K3K67\TestTrainNew\TestTrainNew\train\train_sya_649.jpg</path>
	<source>
		<database>Unknown</database>
	</source>
	<size>
		<width>640</width>
		<height>640</height>
		<depth>3</depth>
	</size>
	<segmented>0</segmented>
	<object>
		<name>empty</name>
		<pose>Unspecified</pose>
		<truncated>0</truncated>
		<difficult>1</difficult>
		<bndbox>
			<xmin>302</xmin>
			<ymin>300</ymin>
			<xmax>366</xmax>
			<ymax>339</ymax>
		</bndbox>
	</object>
	<object>
		<name>empty</name>
		<pose>Unspecified</pose>
		<truncated>0</truncated>
		<difficult>1</difficult>
		<bndbox>
			<xmin>55</xmin>
			<ymin>464</ymin>
			<xmax>83</xmax>
			<ymax>494</ymax>
		</bndbox>
	</object>
	<object>
		<name>empty</name>
		<pose>Unspecified</pose>
		<truncated>0</truncated>
		<difficult>1</difficult>
		<bndbox>
			<xmin>157</xmin>
			<ymin>459</ymin>
			<xmax>181</xmax>
			<ymax>497</ymax>
		</bndbox>
	</object>
</annotation>
