<annotation>
	<folder>train</folder>
	<filename>train_sya_370.jpg</filename>
	<path>C:\Users\User\Desktop\train\train_sya_370.jpg</path>
	<source>
		<database>Unknown</database>
	</source>
	<size>
		<width>640</width>
		<height>640</height>
		<depth>3</depth>
	</size>
	<segmented>0</segmented>
	<object>
		<name>empty</name>
		<pose>Unspecified</pose>
		<truncated>0</truncated>
		<difficult>1</difficult>
		<bndbox>
			<xmin>298</xmin>
			<ymin>424</ymin>
			<xmax>349</xmax>
			<ymax>471</ymax>
		</bndbox>
	</object>
	<object>
		<name>empty</name>
		<pose>Unspecified</pose>
		<truncated>0</truncated>
		<difficult>1</difficult>
		<bndbox>
			<xmin>483</xmin>
			<ymin>411</ymin>
			<xmax>525</xmax>
			<ymax>458</ymax>
		</bndbox>
	</object>
	<object>
		<name>empty</name>
		<pose>Unspecified</pose>
		<truncated>0</truncated>
		<difficult>1</difficult>
		<bndbox>
			<xmin>555</xmin>
			<ymin>414</ymin>
			<xmax>603</xmax>
			<ymax>460</ymax>
		</bndbox>
	</object>
	<object>
		<name>empty</name>
		<pose>Unspecified</pose>
		<truncated>0</truncated>
		<difficult>1</difficult>
		<bndbox>
			<xmin>377</xmin>
			<ymin>138</ymin>
			<xmax>414</xmax>
			<ymax>203</ymax>
		</bndbox>
	</object>
	<object>
		<name>empty</name>
		<pose>Unspecified</pose>
		<truncated>0</truncated>
		<difficult>1</difficult>
		<bndbox>
			<xmin>93</xmin>
			<ymin>138</ymin>
			<xmax>133</xmax>
			<ymax>203</ymax>
		</bndbox>
	</object>
	<object>
		<name>empty</name>
		<pose>Unspecified</pose>
		<truncated>0</truncated>
		<difficult>1</difficult>
		<bndbox>
			<xmin>154</xmin>
			<ymin>419</ymin>
			<xmax>188</xmax>
			<ymax>474</ymax>
		</bndbox>
	</object>
</annotation>
