<annotation>
	<folder>train</folder>
	<filename>train_sya_47.jpg</filename>
	<path>C:\Users\User\Desktop\train\train_sya_47.jpg</path>
	<source>
		<database>Unknown</database>
	</source>
	<size>
		<width>640</width>
		<height>640</height>
		<depth>3</depth>
	</size>
	<segmented>0</segmented>
	<object>
		<name>empty</name>
		<pose>Unspecified</pose>
		<truncated>0</truncated>
		<difficult>1</difficult>
		<bndbox>
			<xmin>198</xmin>
			<ymin>529</ymin>
			<xmax>222</xmax>
			<ymax>618</ymax>
		</bndbox>
	</object>
	<object>
		<name>empty</name>
		<pose>Unspecified</pose>
		<truncated>0</truncated>
		<difficult>1</difficult>
		<bndbox>
			<xmin>510</xmin>
			<ymin>259</ymin>
			<xmax>545</xmax>
			<ymax>321</ymax>
		</bndbox>
	</object>
</annotation>
