<annotation>
	<folder>train</folder>
	<filename>train_sya_179.jpg</filename>
	<path>C:\Users\User\Desktop\train\train_sya_179.jpg</path>
	<source>
		<database>Unknown</database>
	</source>
	<size>
		<width>640</width>
		<height>640</height>
		<depth>3</depth>
	</size>
	<segmented>0</segmented>
	<object>
		<name>empty</name>
		<pose>Unspecified</pose>
		<truncated>0</truncated>
		<difficult>1</difficult>
		<bndbox>
			<xmin>158</xmin>
			<ymin>212</ymin>
			<xmax>182</xmax>
			<ymax>314</ymax>
		</bndbox>
	</object>
	<object>
		<name>empty</name>
		<pose>Unspecified</pose>
		<truncated>0</truncated>
		<difficult>1</difficult>
		<bndbox>
			<xmin>509</xmin>
			<ymin>84</ymin>
			<xmax>582</xmax>
			<ymax>181</ymax>
		</bndbox>
	</object>
	<object>
		<name>empty</name>
		<pose>Unspecified</pose>
		<truncated>0</truncated>
		<difficult>1</difficult>
		<bndbox>
			<xmin>483</xmin>
			<ymin>220</ymin>
			<xmax>510</xmax>
			<ymax>323</ymax>
		</bndbox>
	</object>
</annotation>
