<annotation>
	<folder>train</folder>
	<filename>train_sya_134.jpg</filename>
	<path>C:\Users\User\Desktop\train\train_sya_134.jpg</path>
	<source>
		<database>Unknown</database>
	</source>
	<size>
		<width>640</width>
		<height>640</height>
		<depth>3</depth>
	</size>
	<segmented>0</segmented>
	<object>
		<name>empty</name>
		<pose>Unspecified</pose>
		<truncated>0</truncated>
		<difficult>1</difficult>
		<bndbox>
			<xmin>281</xmin>
			<ymin>321</ymin>
			<xmax>318</xmax>
			<ymax>358</ymax>
		</bndbox>
	</object>
	<object>
		<name>empty</name>
		<pose>Unspecified</pose>
		<truncated>0</truncated>
		<difficult>1</difficult>
		<bndbox>
			<xmin>403</xmin>
			<ymin>320</ymin>
			<xmax>437</xmax>
			<ymax>363</ymax>
		</bndbox>
	</object>
	<object>
		<name>empty</name>
		<pose>Unspecified</pose>
		<truncated>0</truncated>
		<difficult>1</difficult>
		<bndbox>
			<xmin>431</xmin>
			<ymin>208</ymin>
			<xmax>479</xmax>
			<ymax>247</ymax>
		</bndbox>
	</object>
</annotation>
