<annotation>
	<folder>train</folder>
	<filename>train_sya_65.jpg</filename>
	<path>C:\Users\User\Desktop\train\train_sya_65.jpg</path>
	<source>
		<database>Unknown</database>
	</source>
	<size>
		<width>640</width>
		<height>640</height>
		<depth>3</depth>
	</size>
	<segmented>0</segmented>
	<object>
		<name>empty</name>
		<pose>Unspecified</pose>
		<truncated>0</truncated>
		<difficult>1</difficult>
		<bndbox>
			<xmin>82</xmin>
			<ymin>343</ymin>
			<xmax>142</xmax>
			<ymax>379</ymax>
		</bndbox>
	</object>
	<object>
		<name>empty</name>
		<pose>Unspecified</pose>
		<truncated>0</truncated>
		<difficult>1</difficult>
		<bndbox>
			<xmin>164</xmin>
			<ymin>386</ymin>
			<xmax>225</xmax>
			<ymax>419</ymax>
		</bndbox>
	</object>
	<object>
		<name>empty</name>
		<pose>Unspecified</pose>
		<truncated>0</truncated>
		<difficult>1</difficult>
		<bndbox>
			<xmin>520</xmin>
			<ymin>432</ymin>
			<xmax>561</xmax>
			<ymax>461</ymax>
		</bndbox>
	</object>
	<object>
		<name>empty</name>
		<pose>Unspecified</pose>
		<truncated>0</truncated>
		<difficult>1</difficult>
		<bndbox>
			<xmin>226</xmin>
			<ymin>430</ymin>
			<xmax>249</xmax>
			<ymax>460</ymax>
		</bndbox>
	</object>
	<object>
		<name>empty</name>
		<pose>Unspecified</pose>
		<truncated>0</truncated>
		<difficult>1</difficult>
		<bndbox>
			<xmin>360</xmin>
			<ymin>389</ymin>
			<xmax>397</xmax>
			<ymax>421</ymax>
		</bndbox>
	</object>
	<object>
		<name>empty</name>
		<pose>Unspecified</pose>
		<truncated>0</truncated>
		<difficult>1</difficult>
		<bndbox>
			<xmin>503</xmin>
			<ymin>345</ymin>
			<xmax>530</xmax>
			<ymax>379</ymax>
		</bndbox>
	</object>
</annotation>
