<annotation>
	<folder>train</folder>
	<filename>train_sya_515.jpg</filename>
	<path>C:\Users\User\Desktop\train\train_sya_515.jpg</path>
	<source>
		<database>Unknown</database>
	</source>
	<size>
		<width>640</width>
		<height>640</height>
		<depth>3</depth>
	</size>
	<segmented>0</segmented>
	<object>
		<name>empty</name>
		<pose>Unspecified</pose>
		<truncated>0</truncated>
		<difficult>1</difficult>
		<bndbox>
			<xmin>495</xmin>
			<ymin>384</ymin>
			<xmax>552</xmax>
			<ymax>436</ymax>
		</bndbox>
	</object>
	<object>
		<name>empty</name>
		<pose>Unspecified</pose>
		<truncated>0</truncated>
		<difficult>1</difficult>
		<bndbox>
			<xmin>331</xmin>
			<ymin>392</ymin>
			<xmax>375</xmax>
			<ymax>436</ymax>
		</bndbox>
	</object>
</annotation>
