<annotation>
	<folder>train</folder>
	<filename>train_sya_75.jpg</filename>
	<path>C:\Users\User\Desktop\train\train_sya_75.jpg</path>
	<source>
		<database>Unknown</database>
	</source>
	<size>
		<width>640</width>
		<height>640</height>
		<depth>3</depth>
	</size>
	<segmented>0</segmented>
	<object>
		<name>empty</name>
		<pose>Unspecified</pose>
		<truncated>0</truncated>
		<difficult>1</difficult>
		<bndbox>
			<xmin>62</xmin>
			<ymin>175</ymin>
			<xmax>283</xmax>
			<ymax>232</ymax>
		</bndbox>
	</object>
	<object>
		<name>empty</name>
		<pose>Unspecified</pose>
		<truncated>0</truncated>
		<difficult>1</difficult>
		<bndbox>
			<xmin>227</xmin>
			<ymin>240</ymin>
			<xmax>283</xmax>
			<ymax>288</ymax>
		</bndbox>
	</object>
	<object>
		<name>empty</name>
		<pose>Unspecified</pose>
		<truncated>0</truncated>
		<difficult>0</difficult>
		<bndbox>
			<xmin>70</xmin>
			<ymin>531</ymin>
			<xmax>114</xmax>
			<ymax>594</ymax>
		</bndbox>
	</object>
</annotation>
