<annotation>
	<folder>train</folder>
	<filename>train_sya_484.jpg</filename>
	<path>C:\Users\Asus\OneDrive - Swinburne University Of Technology Sarawak Campus\Intelligent Systems-DESKTOP-83K3K67\TestTrainNew\TestTrainNew\train\train_sya_484.jpg</path>
	<source>
		<database>Unknown</database>
	</source>
	<size>
		<width>640</width>
		<height>640</height>
		<depth>3</depth>
	</size>
	<segmented>0</segmented>
	<object>
		<name>empty</name>
		<pose>Unspecified</pose>
		<truncated>0</truncated>
		<difficult>1</difficult>
		<bndbox>
			<xmin>269</xmin>
			<ymin>493</ymin>
			<xmax>327</xmax>
			<ymax>555</ymax>
		</bndbox>
	</object>
	<object>
		<name>empty</name>
		<pose>Unspecified</pose>
		<truncated>0</truncated>
		<difficult>1</difficult>
		<bndbox>
			<xmin>257</xmin>
			<ymin>341</ymin>
			<xmax>298</xmax>
			<ymax>395</ymax>
		</bndbox>
	</object>
	<object>
		<name>empty</name>
		<pose>Unspecified</pose>
		<truncated>0</truncated>
		<difficult>1</difficult>
		<bndbox>
			<xmin>155</xmin>
			<ymin>282</ymin>
			<xmax>217</xmax>
			<ymax>332</ymax>
		</bndbox>
	</object>
	<object>
		<name>empty</name>
		<pose>Unspecified</pose>
		<truncated>0</truncated>
		<difficult>1</difficult>
		<bndbox>
			<xmin>307</xmin>
			<ymin>282</ymin>
			<xmax>355</xmax>
			<ymax>320</ymax>
		</bndbox>
	</object>
	<object>
		<name>empty</name>
		<pose>Unspecified</pose>
		<truncated>0</truncated>
		<difficult>1</difficult>
		<bndbox>
			<xmin>469</xmin>
			<ymin>225</ymin>
			<xmax>517</xmax>
			<ymax>266</ymax>
		</bndbox>
	</object>
	<object>
		<name>empty</name>
		<pose>Unspecified</pose>
		<truncated>0</truncated>
		<difficult>1</difficult>
		<bndbox>
			<xmin>192</xmin>
			<ymin>141</ymin>
			<xmax>236</xmax>
			<ymax>213</ymax>
		</bndbox>
	</object>
	<object>
		<name>empty</name>
		<pose>Unspecified</pose>
		<truncated>0</truncated>
		<difficult>1</difficult>
		<bndbox>
			<xmin>435</xmin>
			<ymin>70</ymin>
			<xmax>479</xmax>
			<ymax>127</ymax>
		</bndbox>
	</object>
	<object>
		<name>empty</name>
		<pose>Unspecified</pose>
		<truncated>0</truncated>
		<difficult>1</difficult>
		<bndbox>
			<xmin>567</xmin>
			<ymin>432</ymin>
			<xmax>602</xmax>
			<ymax>467</ymax>
		</bndbox>
	</object>
</annotation>
