<annotation>
	<folder>train</folder>
	<filename>train_sya_84.jpg</filename>
	<path>C:\Users\User\Desktop\train\train_sya_84.jpg</path>
	<source>
		<database>Unknown</database>
	</source>
	<size>
		<width>640</width>
		<height>640</height>
		<depth>3</depth>
	</size>
	<segmented>0</segmented>
	<object>
		<name>empty</name>
		<pose>Unspecified</pose>
		<truncated>1</truncated>
		<difficult>1</difficult>
		<bndbox>
			<xmin>1</xmin>
			<ymin>539</ymin>
			<xmax>92</xmax>
			<ymax>625</ymax>
		</bndbox>
	</object>
	<object>
		<name>empty</name>
		<pose>Unspecified</pose>
		<truncated>0</truncated>
		<difficult>1</difficult>
		<bndbox>
			<xmin>499</xmin>
			<ymin>213</ymin>
			<xmax>565</xmax>
			<ymax>346</ymax>
		</bndbox>
	</object>
</annotation>
