<annotation>
	<folder>train</folder>
	<filename>train_sya_87.jpg</filename>
	<path>C:\Users\User\Desktop\train\train_sya_87.jpg</path>
	<source>
		<database>Unknown</database>
	</source>
	<size>
		<width>640</width>
		<height>640</height>
		<depth>3</depth>
	</size>
	<segmented>0</segmented>
	<object>
		<name>empty</name>
		<pose>Unspecified</pose>
		<truncated>0</truncated>
		<difficult>1</difficult>
		<bndbox>
			<xmin>244</xmin>
			<ymin>99</ymin>
			<xmax>390</xmax>
			<ymax>151</ymax>
		</bndbox>
	</object>
	<object>
		<name>empty</name>
		<pose>Unspecified</pose>
		<truncated>0</truncated>
		<difficult>1</difficult>
		<bndbox>
			<xmin>360</xmin>
			<ymin>38</ymin>
			<xmax>438</xmax>
			<ymax>79</ymax>
		</bndbox>
	</object>
	<object>
		<name>empty</name>
		<pose>Unspecified</pose>
		<truncated>0</truncated>
		<difficult>1</difficult>
		<bndbox>
			<xmin>219</xmin>
			<ymin>34</ymin>
			<xmax>244</xmax>
			<ymax>81</ymax>
		</bndbox>
	</object>
</annotation>
