<annotation>
	<folder>train</folder>
	<filename>train_sya_305.jpg</filename>
	<path>C:\Users\User\Desktop\train\train_sya_305.jpg</path>
	<source>
		<database>Unknown</database>
	</source>
	<size>
		<width>640</width>
		<height>640</height>
		<depth>3</depth>
	</size>
	<segmented>0</segmented>
	<object>
		<name>empty</name>
		<pose>Unspecified</pose>
		<truncated>0</truncated>
		<difficult>1</difficult>
		<bndbox>
			<xmin>38</xmin>
			<ymin>233</ymin>
			<xmax>106</xmax>
			<ymax>290</ymax>
		</bndbox>
	</object>
	<object>
		<name>empty</name>
		<pose>Unspecified</pose>
		<truncated>0</truncated>
		<difficult>1</difficult>
		<bndbox>
			<xmin>208</xmin>
			<ymin>162</ymin>
			<xmax>251</xmax>
			<ymax>216</ymax>
		</bndbox>
	</object>
	<object>
		<name>empty</name>
		<pose>Unspecified</pose>
		<truncated>0</truncated>
		<difficult>1</difficult>
		<bndbox>
			<xmin>14</xmin>
			<ymin>87</ymin>
			<xmax>49</xmax>
			<ymax>139</ymax>
		</bndbox>
	</object>
	<object>
		<name>empty</name>
		<pose>Unspecified</pose>
		<truncated>0</truncated>
		<difficult>1</difficult>
		<bndbox>
			<xmin>78</xmin>
			<ymin>371</ymin>
			<xmax>122</xmax>
			<ymax>437</ymax>
		</bndbox>
	</object>
</annotation>
