<annotation>
	<folder>train</folder>
	<filename>train_sya_151.jpg</filename>
	<path>C:\Users\User\Desktop\train\train_sya_151.jpg</path>
	<source>
		<database>Unknown</database>
	</source>
	<size>
		<width>640</width>
		<height>640</height>
		<depth>3</depth>
	</size>
	<segmented>0</segmented>
	<object>
		<name>empty</name>
		<pose>Unspecified</pose>
		<truncated>0</truncated>
		<difficult>1</difficult>
		<bndbox>
			<xmin>299</xmin>
			<ymin>239</ymin>
			<xmax>333</xmax>
			<ymax>293</ymax>
		</bndbox>
	</object>
	<object>
		<name>empty</name>
		<pose>Unspecified</pose>
		<truncated>0</truncated>
		<difficult>1</difficult>
		<bndbox>
			<xmin>307</xmin>
			<ymin>171</ymin>
			<xmax>344</xmax>
			<ymax>226</ymax>
		</bndbox>
	</object>
	<object>
		<name>empty</name>
		<pose>Unspecified</pose>
		<truncated>0</truncated>
		<difficult>1</difficult>
		<bndbox>
			<xmin>331</xmin>
			<ymin>438</ymin>
			<xmax>368</xmax>
			<ymax>494</ymax>
		</bndbox>
	</object>
</annotation>
