<annotation>
	<folder>train</folder>
	<filename>train_sya_312.jpg</filename>
	<path>C:\Users\Asus\OneDrive - Swinburne University Of Technology Sarawak Campus\Intelligent Systems-DESKTOP-83K3K67\TestTrainNew\TestTrainNew\train\train_sya_312.jpg</path>
	<source>
		<database>Unknown</database>
	</source>
	<size>
		<width>640</width>
		<height>640</height>
		<depth>3</depth>
	</size>
	<segmented>0</segmented>
	<object>
		<name>empty</name>
		<pose>Unspecified</pose>
		<truncated>0</truncated>
		<difficult>1</difficult>
		<bndbox>
			<xmin>332</xmin>
			<ymin>387</ymin>
			<xmax>401</xmax>
			<ymax>430</ymax>
		</bndbox>
	</object>
	<object>
		<name>empty</name>
		<pose>Unspecified</pose>
		<truncated>0</truncated>
		<difficult>1</difficult>
		<bndbox>
			<xmin>193</xmin>
			<ymin>133</ymin>
			<xmax>233</xmax>
			<ymax>176</ymax>
		</bndbox>
	</object>
	<object>
		<name>empty</name>
		<pose>Unspecified</pose>
		<truncated>0</truncated>
		<difficult>1</difficult>
		<bndbox>
			<xmin>322</xmin>
			<ymin>124</ymin>
			<xmax>369</xmax>
			<ymax>180</ymax>
		</bndbox>
	</object>
	<object>
		<name>empty</name>
		<pose>Unspecified</pose>
		<truncated>0</truncated>
		<difficult>1</difficult>
		<bndbox>
			<xmin>414</xmin>
			<ymin>138</ymin>
			<xmax>468</xmax>
			<ymax>177</ymax>
		</bndbox>
	</object>
	<object>
		<name>empty</name>
		<pose>Unspecified</pose>
		<truncated>0</truncated>
		<difficult>1</difficult>
		<bndbox>
			<xmin>394</xmin>
			<ymin>227</ymin>
			<xmax>436</xmax>
			<ymax>263</ymax>
		</bndbox>
	</object>
	<object>
		<name>empty</name>
		<pose>Unspecified</pose>
		<truncated>0</truncated>
		<difficult>1</difficult>
		<bndbox>
			<xmin>419</xmin>
			<ymin>187</ymin>
			<xmax>468</xmax>
			<ymax>220</ymax>
		</bndbox>
	</object>
	<object>
		<name>empty</name>
		<pose>Unspecified</pose>
		<truncated>0</truncated>
		<difficult>1</difficult>
		<bndbox>
			<xmin>490</xmin>
			<ymin>224</ymin>
			<xmax>516</xmax>
			<ymax>269</ymax>
		</bndbox>
	</object>
</annotation>
