<annotation>
	<folder>train</folder>
	<filename>train_sya_519.jpg</filename>
	<path>C:\Users\Asus\OneDrive - Swinburne University Of Technology Sarawak Campus\Intelligent Systems-DESKTOP-83K3K67\TestTrainNew\TestTrainNew\train\train_sya_519.jpg</path>
	<source>
		<database>Unknown</database>
	</source>
	<size>
		<width>640</width>
		<height>640</height>
		<depth>3</depth>
	</size>
	<segmented>0</segmented>
	<object>
		<name>empty</name>
		<pose>Unspecified</pose>
		<truncated>0</truncated>
		<difficult>1</difficult>
		<bndbox>
			<xmin>198</xmin>
			<ymin>337</ymin>
			<xmax>257</xmax>
			<ymax>381</ymax>
		</bndbox>
	</object>
	<object>
		<name>empty</name>
		<pose>Unspecified</pose>
		<truncated>0</truncated>
		<difficult>1</difficult>
		<bndbox>
			<xmin>295</xmin>
			<ymin>336</ymin>
			<xmax>332</xmax>
			<ymax>379</ymax>
		</bndbox>
	</object>
	<object>
		<name>empty</name>
		<pose>Unspecified</pose>
		<truncated>0</truncated>
		<difficult>1</difficult>
		<bndbox>
			<xmin>366</xmin>
			<ymin>332</ymin>
			<xmax>417</xmax>
			<ymax>382</ymax>
		</bndbox>
	</object>
	<object>
		<name>empty</name>
		<pose>Unspecified</pose>
		<truncated>0</truncated>
		<difficult>1</difficult>
		<bndbox>
			<xmin>178</xmin>
			<ymin>222</ymin>
			<xmax>219</xmax>
			<ymax>265</ymax>
		</bndbox>
	</object>
	<object>
		<name>empty</name>
		<pose>Unspecified</pose>
		<truncated>1</truncated>
		<difficult>1</difficult>
		<bndbox>
			<xmin>582</xmin>
			<ymin>442</ymin>
			<xmax>640</xmax>
			<ymax>497</ymax>
		</bndbox>
	</object>
	<object>
		<name>empty</name>
		<pose>Unspecified</pose>
		<truncated>1</truncated>
		<difficult>1</difficult>
		<bndbox>
			<xmin>602</xmin>
			<ymin>287</ymin>
			<xmax>640</xmax>
			<ymax>340</ymax>
		</bndbox>
	</object>
	<object>
		<name>empty</name>
		<pose>Unspecified</pose>
		<truncated>0</truncated>
		<difficult>1</difficult>
		<bndbox>
			<xmin>499</xmin>
			<ymin>210</ymin>
			<xmax>532</xmax>
			<ymax>262</ymax>
		</bndbox>
	</object>
	<object>
		<name>empty</name>
		<pose>Unspecified</pose>
		<truncated>0</truncated>
		<difficult>1</difficult>
		<bndbox>
			<xmin>144</xmin>
			<ymin>401</ymin>
			<xmax>185</xmax>
			<ymax>442</ymax>
		</bndbox>
	</object>
	<object>
		<name>empty</name>
		<pose>Unspecified</pose>
		<truncated>0</truncated>
		<difficult>1</difficult>
		<bndbox>
			<xmin>375</xmin>
			<ymin>456</ymin>
			<xmax>407</xmax>
			<ymax>507</ymax>
		</bndbox>
	</object>
	<object>
		<name>empty</name>
		<pose>Unspecified</pose>
		<truncated>0</truncated>
		<difficult>1</difficult>
		<bndbox>
			<xmin>536</xmin>
			<ymin>266</ymin>
			<xmax>570</xmax>
			<ymax>324</ymax>
		</bndbox>
	</object>
</annotation>
