<annotation>
	<folder>train</folder>
	<filename>train_sya_265.jpg</filename>
	<path>C:\Users\User\Desktop\train\train_sya_265.jpg</path>
	<source>
		<database>Unknown</database>
	</source>
	<size>
		<width>640</width>
		<height>640</height>
		<depth>3</depth>
	</size>
	<segmented>0</segmented>
	<object>
		<name>empty</name>
		<pose>Unspecified</pose>
		<truncated>0</truncated>
		<difficult>1</difficult>
		<bndbox>
			<xmin>260</xmin>
			<ymin>462</ymin>
			<xmax>323</xmax>
			<ymax>514</ymax>
		</bndbox>
	</object>
	<object>
		<name>empty</name>
		<pose>Unspecified</pose>
		<truncated>0</truncated>
		<difficult>1</difficult>
		<bndbox>
			<xmin>251</xmin>
			<ymin>526</ymin>
			<xmax>362</xmax>
			<ymax>579</ymax>
		</bndbox>
	</object>
	<object>
		<name>empty</name>
		<pose>Unspecified</pose>
		<truncated>0</truncated>
		<difficult>1</difficult>
		<bndbox>
			<xmin>450</xmin>
			<ymin>471</ymin>
			<xmax>483</xmax>
			<ymax>525</ymax>
		</bndbox>
	</object>
	<object>
		<name>empty</name>
		<pose>Unspecified</pose>
		<truncated>0</truncated>
		<difficult>1</difficult>
		<bndbox>
			<xmin>429</xmin>
			<ymin>346</ymin>
			<xmax>462</xmax>
			<ymax>390</ymax>
		</bndbox>
	</object>
	<object>
		<name>empty</name>
		<pose>Unspecified</pose>
		<truncated>0</truncated>
		<difficult>1</difficult>
		<bndbox>
			<xmin>504</xmin>
			<ymin>288</ymin>
			<xmax>540</xmax>
			<ymax>334</ymax>
		</bndbox>
	</object>
</annotation>
