<annotation>
	<folder>train</folder>
	<filename>train_sya_292.jpg</filename>
	<path>C:\Users\User\Desktop\train\train_sya_292.jpg</path>
	<source>
		<database>Unknown</database>
	</source>
	<size>
		<width>640</width>
		<height>640</height>
		<depth>3</depth>
	</size>
	<segmented>0</segmented>
	<object>
		<name>empty</name>
		<pose>Unspecified</pose>
		<truncated>0</truncated>
		<difficult>1</difficult>
		<bndbox>
			<xmin>45</xmin>
			<ymin>501</ymin>
			<xmax>163</xmax>
			<ymax>574</ymax>
		</bndbox>
	</object>
	<object>
		<name>empty</name>
		<pose>Unspecified</pose>
		<truncated>0</truncated>
		<difficult>1</difficult>
		<bndbox>
			<xmin>497</xmin>
			<ymin>505</ymin>
			<xmax>537</xmax>
			<ymax>590</ymax>
		</bndbox>
	</object>
	<object>
		<name>empty</name>
		<pose>Unspecified</pose>
		<truncated>0</truncated>
		<difficult>1</difficult>
		<bndbox>
			<xmin>307</xmin>
			<ymin>275</ymin>
			<xmax>351</xmax>
			<ymax>336</ymax>
		</bndbox>
	</object>
</annotation>
