<annotation>
	<folder>train</folder>
	<filename>train_sya_181.jpg</filename>
	<path>C:\Users\User\Desktop\train\train_sya_181.jpg</path>
	<source>
		<database>Unknown</database>
	</source>
	<size>
		<width>640</width>
		<height>640</height>
		<depth>3</depth>
	</size>
	<segmented>0</segmented>
	<object>
		<name>empty</name>
		<pose>Unspecified</pose>
		<truncated>0</truncated>
		<difficult>1</difficult>
		<bndbox>
			<xmin>121</xmin>
			<ymin>108</ymin>
			<xmax>150</xmax>
			<ymax>158</ymax>
		</bndbox>
	</object>
	<object>
		<name>empty</name>
		<pose>Unspecified</pose>
		<truncated>0</truncated>
		<difficult>1</difficult>
		<bndbox>
			<xmin>331</xmin>
			<ymin>372</ymin>
			<xmax>366</xmax>
			<ymax>420</ymax>
		</bndbox>
	</object>
	<object>
		<name>empty</name>
		<pose>Unspecified</pose>
		<truncated>0</truncated>
		<difficult>1</difficult>
		<bndbox>
			<xmin>440</xmin>
			<ymin>438</ymin>
			<xmax>482</xmax>
			<ymax>477</ymax>
		</bndbox>
	</object>
</annotation>
