<annotation>
	<folder>train</folder>
	<filename>train_sya_9.jpg</filename>
	<path>C:\Users\User\Desktop\train\train_sya_9.jpg</path>
	<source>
		<database>Unknown</database>
	</source>
	<size>
		<width>640</width>
		<height>640</height>
		<depth>3</depth>
	</size>
	<segmented>0</segmented>
	<object>
		<name>empty</name>
		<pose>Unspecified</pose>
		<truncated>0</truncated>
		<difficult>1</difficult>
		<bndbox>
			<xmin>104</xmin>
			<ymin>319</ymin>
			<xmax>153</xmax>
			<ymax>362</ymax>
		</bndbox>
	</object>
	<object>
		<name>empty</name>
		<pose>Unspecified</pose>
		<truncated>0</truncated>
		<difficult>0</difficult>
		<bndbox>
			<xmin>9</xmin>
			<ymin>43</ymin>
			<xmax>211</xmax>
			<ymax>113</ymax>
		</bndbox>
	</object>
</annotation>
