<annotation>
	<folder>train</folder>
	<filename>train_sya_527.jpg</filename>
	<path>C:\Users\User\Desktop\train\train_sya_527.jpg</path>
	<source>
		<database>Unknown</database>
	</source>
	<size>
		<width>640</width>
		<height>640</height>
		<depth>3</depth>
	</size>
	<segmented>0</segmented>
	<object>
		<name>empty</name>
		<pose>Unspecified</pose>
		<truncated>0</truncated>
		<difficult>1</difficult>
		<bndbox>
			<xmin>375</xmin>
			<ymin>488</ymin>
			<xmax>403</xmax>
			<ymax>578</ymax>
		</bndbox>
	</object>
	<object>
		<name>empty</name>
		<pose>Unspecified</pose>
		<truncated>0</truncated>
		<difficult>1</difficult>
		<bndbox>
			<xmin>314</xmin>
			<ymin>140</ymin>
			<xmax>349</xmax>
			<ymax>196</ymax>
		</bndbox>
	</object>
</annotation>
