<annotation>
	<folder>train</folder>
	<filename>train_sya_96.jpg</filename>
	<path>C:\Users\User\Desktop\train\train_sya_96.jpg</path>
	<source>
		<database>Unknown</database>
	</source>
	<size>
		<width>640</width>
		<height>640</height>
		<depth>3</depth>
	</size>
	<segmented>0</segmented>
	<object>
		<name>empty</name>
		<pose>Unspecified</pose>
		<truncated>0</truncated>
		<difficult>1</difficult>
		<bndbox>
			<xmin>202</xmin>
			<ymin>116</ymin>
			<xmax>242</xmax>
			<ymax>177</ymax>
		</bndbox>
	</object>
	<object>
		<name>empty</name>
		<pose>Unspecified</pose>
		<truncated>0</truncated>
		<difficult>1</difficult>
		<bndbox>
			<xmin>115</xmin>
			<ymin>115</ymin>
			<xmax>159</xmax>
			<ymax>181</ymax>
		</bndbox>
	</object>
	<object>
		<name>empty</name>
		<pose>Unspecified</pose>
		<truncated>0</truncated>
		<difficult>1</difficult>
		<bndbox>
			<xmin>426</xmin>
			<ymin>243</ymin>
			<xmax>461</xmax>
			<ymax>331</ymax>
		</bndbox>
	</object>
	<object>
		<name>empty</name>
		<pose>Unspecified</pose>
		<truncated>0</truncated>
		<difficult>1</difficult>
		<bndbox>
			<xmin>49</xmin>
			<ymin>17</ymin>
			<xmax>127</xmax>
			<ymax>99</ymax>
		</bndbox>
	</object>
</annotation>
