<annotation>
	<folder>train</folder>
	<filename>train_sya_465.jpg</filename>
	<path>C:\Users\User\Desktop\train\train_sya_465.jpg</path>
	<source>
		<database>Unknown</database>
	</source>
	<size>
		<width>640</width>
		<height>640</height>
		<depth>3</depth>
	</size>
	<segmented>0</segmented>
	<object>
		<name>empty</name>
		<pose>Unspecified</pose>
		<truncated>1</truncated>
		<difficult>1</difficult>
		<bndbox>
			<xmin>510</xmin>
			<ymin>261</ymin>
			<xmax>640</xmax>
			<ymax>305</ymax>
		</bndbox>
	</object>
	<object>
		<name>empty</name>
		<pose>Unspecified</pose>
		<truncated>1</truncated>
		<difficult>1</difficult>
		<bndbox>
			<xmin>1</xmin>
			<ymin>193</ymin>
			<xmax>182</xmax>
			<ymax>256</ymax>
		</bndbox>
	</object>
	<object>
		<name>empty</name>
		<pose>Unspecified</pose>
		<truncated>0</truncated>
		<difficult>1</difficult>
		<bndbox>
			<xmin>462</xmin>
			<ymin>436</ymin>
			<xmax>562</xmax>
			<ymax>490</ymax>
		</bndbox>
	</object>
</annotation>
