<annotation>
	<folder>train</folder>
	<filename>train_sya_398.jpg</filename>
	<path>C:\Users\User\Desktop\train\train_sya_398.jpg</path>
	<source>
		<database>Unknown</database>
	</source>
	<size>
		<width>640</width>
		<height>640</height>
		<depth>3</depth>
	</size>
	<segmented>0</segmented>
	<object>
		<name>empty</name>
		<pose>Unspecified</pose>
		<truncated>0</truncated>
		<difficult>1</difficult>
		<bndbox>
			<xmin>13</xmin>
			<ymin>208</ymin>
			<xmax>45</xmax>
			<ymax>286</ymax>
		</bndbox>
	</object>
	<object>
		<name>empty</name>
		<pose>Unspecified</pose>
		<truncated>0</truncated>
		<difficult>1</difficult>
		<bndbox>
			<xmin>548</xmin>
			<ymin>318</ymin>
			<xmax>617</xmax>
			<ymax>367</ymax>
		</bndbox>
	</object>
	<object>
		<name>empty</name>
		<pose>Unspecified</pose>
		<truncated>0</truncated>
		<difficult>1</difficult>
		<bndbox>
			<xmin>407</xmin>
			<ymin>316</ymin>
			<xmax>453</xmax>
			<ymax>361</ymax>
		</bndbox>
	</object>
	<object>
		<name>empty</name>
		<pose>Unspecified</pose>
		<truncated>0</truncated>
		<difficult>1</difficult>
		<bndbox>
			<xmin>178</xmin>
			<ymin>212</ymin>
			<xmax>223</xmax>
			<ymax>251</ymax>
		</bndbox>
	</object>
</annotation>
