<annotation>
	<folder>train</folder>
	<filename>train_sya_583.jpg</filename>
	<path>C:\Users\User\Desktop\train\train_sya_583.jpg</path>
	<source>
		<database>Unknown</database>
	</source>
	<size>
		<width>640</width>
		<height>640</height>
		<depth>3</depth>
	</size>
	<segmented>0</segmented>
	<object>
		<name>empty</name>
		<pose>Unspecified</pose>
		<truncated>0</truncated>
		<difficult>1</difficult>
		<bndbox>
			<xmin>385</xmin>
			<ymin>344</ymin>
			<xmax>451</xmax>
			<ymax>416</ymax>
		</bndbox>
	</object>
	<object>
		<name>empty</name>
		<pose>Unspecified</pose>
		<truncated>1</truncated>
		<difficult>1</difficult>
		<bndbox>
			<xmin>590</xmin>
			<ymin>340</ymin>
			<xmax>640</xmax>
			<ymax>417</ymax>
		</bndbox>
	</object>
	<object>
		<name>empty</name>
		<pose>Unspecified</pose>
		<truncated>0</truncated>
		<difficult>1</difficult>
		<bndbox>
			<xmin>174</xmin>
			<ymin>432</ymin>
			<xmax>225</xmax>
			<ymax>488</ymax>
		</bndbox>
	</object>
</annotation>
