<annotation>
	<folder>train</folder>
	<filename>train_sya_267.jpg</filename>
	<path>C:\Users\User\Desktop\train\train_sya_267.jpg</path>
	<source>
		<database>Unknown</database>
	</source>
	<size>
		<width>640</width>
		<height>640</height>
		<depth>3</depth>
	</size>
	<segmented>0</segmented>
	<object>
		<name>empty</name>
		<pose>Unspecified</pose>
		<truncated>0</truncated>
		<difficult>1</difficult>
		<bndbox>
			<xmin>227</xmin>
			<ymin>334</ymin>
			<xmax>277</xmax>
			<ymax>398</ymax>
		</bndbox>
	</object>
	<object>
		<name>empty</name>
		<pose>Unspecified</pose>
		<truncated>0</truncated>
		<difficult>1</difficult>
		<bndbox>
			<xmin>232</xmin>
			<ymin>453</ymin>
			<xmax>345</xmax>
			<ymax>493</ymax>
		</bndbox>
	</object>
	<object>
		<name>empty</name>
		<pose>Unspecified</pose>
		<truncated>0</truncated>
		<difficult>1</difficult>
		<bndbox>
			<xmin>141</xmin>
			<ymin>403</ymin>
			<xmax>191</xmax>
			<ymax>457</ymax>
		</bndbox>
	</object>
	<object>
		<name>empty</name>
		<pose>Unspecified</pose>
		<truncated>0</truncated>
		<difficult>1</difficult>
		<bndbox>
			<xmin>478</xmin>
			<ymin>544</ymin>
			<xmax>575</xmax>
			<ymax>580</ymax>
		</bndbox>
	</object>
	<object>
		<name>empty</name>
		<pose>Unspecified</pose>
		<truncated>0</truncated>
		<difficult>1</difficult>
		<bndbox>
			<xmin>367</xmin>
			<ymin>497</ymin>
			<xmax>407</xmax>
			<ymax>542</ymax>
		</bndbox>
	</object>
</annotation>
