<annotation>
	<folder>train</folder>
	<filename>train_sya_195.jpg</filename>
	<path>C:\Users\User\Desktop\train\train_sya_195.jpg</path>
	<source>
		<database>Unknown</database>
	</source>
	<size>
		<width>640</width>
		<height>640</height>
		<depth>3</depth>
	</size>
	<segmented>0</segmented>
	<object>
		<name>empty</name>
		<pose>Unspecified</pose>
		<truncated>0</truncated>
		<difficult>1</difficult>
		<bndbox>
			<xmin>355</xmin>
			<ymin>381</ymin>
			<xmax>409</xmax>
			<ymax>430</ymax>
		</bndbox>
	</object>
	<object>
		<name>empty</name>
		<pose>Unspecified</pose>
		<truncated>0</truncated>
		<difficult>1</difficult>
		<bndbox>
			<xmin>420</xmin>
			<ymin>446</ymin>
			<xmax>488</xmax>
			<ymax>495</ymax>
		</bndbox>
	</object>
	<object>
		<name>empty</name>
		<pose>Unspecified</pose>
		<truncated>0</truncated>
		<difficult>1</difficult>
		<bndbox>
			<xmin>152</xmin>
			<ymin>516</ymin>
			<xmax>189</xmax>
			<ymax>572</ymax>
		</bndbox>
	</object>
</annotation>
