<annotation>
	<folder>train</folder>
	<filename>train_sya_131.jpg</filename>
	<path>C:\Users\User\Desktop\train\train_sya_131.jpg</path>
	<source>
		<database>Unknown</database>
	</source>
	<size>
		<width>640</width>
		<height>640</height>
		<depth>3</depth>
	</size>
	<segmented>0</segmented>
	<object>
		<name>empty</name>
		<pose>Unspecified</pose>
		<truncated>0</truncated>
		<difficult>1</difficult>
		<bndbox>
			<xmin>277</xmin>
			<ymin>364</ymin>
			<xmax>335</xmax>
			<ymax>428</ymax>
		</bndbox>
	</object>
	<object>
		<name>empty</name>
		<pose>Unspecified</pose>
		<truncated>0</truncated>
		<difficult>1</difficult>
		<bndbox>
			<xmin>449</xmin>
			<ymin>545</ymin>
			<xmax>477</xmax>
			<ymax>614</ymax>
		</bndbox>
	</object>
</annotation>
