<annotation>
	<folder>train</folder>
	<filename>train_sya_261.jpg</filename>
	<path>C:\Users\User\Desktop\train\train_sya_261.jpg</path>
	<source>
		<database>Unknown</database>
	</source>
	<size>
		<width>640</width>
		<height>640</height>
		<depth>3</depth>
	</size>
	<segmented>0</segmented>
	<object>
		<name>empty</name>
		<pose>Unspecified</pose>
		<truncated>0</truncated>
		<difficult>1</difficult>
		<bndbox>
			<xmin>97</xmin>
			<ymin>412</ymin>
			<xmax>127</xmax>
			<ymax>458</ymax>
		</bndbox>
	</object>
	<object>
		<name>empty</name>
		<pose>Unspecified</pose>
		<truncated>0</truncated>
		<difficult>1</difficult>
		<bndbox>
			<xmin>280</xmin>
			<ymin>156</ymin>
			<xmax>303</xmax>
			<ymax>220</ymax>
		</bndbox>
	</object>
	<object>
		<name>empty</name>
		<pose>Unspecified</pose>
		<truncated>0</truncated>
		<difficult>1</difficult>
		<bndbox>
			<xmin>566</xmin>
			<ymin>399</ymin>
			<xmax>614</xmax>
			<ymax>438</ymax>
		</bndbox>
	</object>
</annotation>
