<annotation>
	<folder>train</folder>
	<filename>train_sya_17.jpg</filename>
	<path>C:\Users\User\Downloads\TestTrainImages\train\train_sya_17.jpg</path>
	<source>
		<database>Unknown</database>
	</source>
	<size>
		<width>640</width>
		<height>640</height>
		<depth>3</depth>
	</size>
	<segmented>0</segmented>
	<object>
		<name>empty</name>
		<pose>Unspecified</pose>
		<truncated>0</truncated>
		<difficult>1</difficult>
		<bndbox>
			<xmin>94</xmin>
			<ymin>249</ymin>
			<xmax>135</xmax>
			<ymax>288</ymax>
		</bndbox>
	</object>
	<object>
		<name>empty</name>
		<pose>Unspecified</pose>
		<truncated>0</truncated>
		<difficult>1</difficult>
		<bndbox>
			<xmin>183</xmin>
			<ymin>311</ymin>
			<xmax>235</xmax>
			<ymax>349</ymax>
		</bndbox>
	</object>
	<object>
		<name>empty</name>
		<pose>Unspecified</pose>
		<truncated>0</truncated>
		<difficult>1</difficult>
		<bndbox>
			<xmin>101</xmin>
			<ymin>434</ymin>
			<xmax>128</xmax>
			<ymax>474</ymax>
		</bndbox>
	</object>
	<object>
		<name>empty</name>
		<pose>Unspecified</pose>
		<truncated>0</truncated>
		<difficult>1</difficult>
		<bndbox>
			<xmin>340</xmin>
			<ymin>375</ymin>
			<xmax>370</xmax>
			<ymax>416</ymax>
		</bndbox>
	</object>
	<object>
		<name>empty</name>
		<pose>Unspecified</pose>
		<truncated>0</truncated>
		<difficult>1</difficult>
		<bndbox>
			<xmin>368</xmin>
			<ymin>490</ymin>
			<xmax>403</xmax>
			<ymax>540</ymax>
		</bndbox>
	</object>
	<object>
		<name>empty</name>
		<pose>Unspecified</pose>
		<truncated>0</truncated>
		<difficult>1</difficult>
		<bndbox>
			<xmin>433</xmin>
			<ymin>493</ymin>
			<xmax>468</xmax>
			<ymax>543</ymax>
		</bndbox>
	</object>
	<object>
		<name>empty</name>
		<pose>Unspecified</pose>
		<truncated>0</truncated>
		<difficult>1</difficult>
		<bndbox>
			<xmin>51</xmin>
			<ymin>382</ymin>
			<xmax>81</xmax>
			<ymax>421</ymax>
		</bndbox>
	</object>
	<object>
		<name>empty</name>
		<pose>Unspecified</pose>
		<truncated>0</truncated>
		<difficult>1</difficult>
		<bndbox>
			<xmin>8</xmin>
			<ymin>502</ymin>
			<xmax>35</xmax>
			<ymax>547</ymax>
		</bndbox>
	</object>
	<object>
		<name>empty</name>
		<pose>Unspecified</pose>
		<truncated>0</truncated>
		<difficult>1</difficult>
		<bndbox>
			<xmin>579</xmin>
			<ymin>434</ymin>
			<xmax>629</xmax>
			<ymax>464</ymax>
		</bndbox>
	</object>
	<object>
		<name>empty</name>
		<pose>Unspecified</pose>
		<truncated>0</truncated>
		<difficult>1</difficult>
		<bndbox>
			<xmin>17</xmin>
			<ymin>406</ymin>
			<xmax>40</xmax>
			<ymax>438</ymax>
		</bndbox>
	</object>
	<object>
		<name>empty</name>
		<pose>Unspecified</pose>
		<truncated>0</truncated>
		<difficult>1</difficult>
		<bndbox>
			<xmin>4</xmin>
			<ymin>347</ymin>
			<xmax>37</xmax>
			<ymax>389</ymax>
		</bndbox>
	</object>
	<object>
		<name>empty</name>
		<pose>Unspecified</pose>
		<truncated>0</truncated>
		<difficult>1</difficult>
		<bndbox>
			<xmin>3</xmin>
			<ymin>237</ymin>
			<xmax>26</xmax>
			<ymax>271</ymax>
		</bndbox>
	</object>
	<object>
		<name>empty</name>
		<pose>Unspecified</pose>
		<truncated>0</truncated>
		<difficult>1</difficult>
		<bndbox>
			<xmin>573</xmin>
			<ymin>251</ymin>
			<xmax>605</xmax>
			<ymax>301</ymax>
		</bndbox>
	</object>
</annotation>
