<annotation>
	<folder>train</folder>
	<filename>train_sya_238.jpg</filename>
	<path>C:\Users\User\Desktop\train\train_sya_238.jpg</path>
	<source>
		<database>Unknown</database>
	</source>
	<size>
		<width>640</width>
		<height>640</height>
		<depth>3</depth>
	</size>
	<segmented>0</segmented>
	<object>
		<name>empty</name>
		<pose>Unspecified</pose>
		<truncated>0</truncated>
		<difficult>1</difficult>
		<bndbox>
			<xmin>347</xmin>
			<ymin>201</ymin>
			<xmax>416</xmax>
			<ymax>244</ymax>
		</bndbox>
	</object>
	<object>
		<name>empty</name>
		<pose>Unspecified</pose>
		<truncated>0</truncated>
		<difficult>1</difficult>
		<bndbox>
			<xmin>381</xmin>
			<ymin>395</ymin>
			<xmax>456</xmax>
			<ymax>434</ymax>
		</bndbox>
	</object>
</annotation>
