<annotation>
	<folder>train</folder>
	<filename>train_sya_343.jpg</filename>
	<path>C:\Users\Asus\OneDrive - Swinburne University Of Technology Sarawak Campus\Intelligent Systems-DESKTOP-83K3K67\TestTrainNew\TestTrainNew\train\train_sya_343.jpg</path>
	<source>
		<database>Unknown</database>
	</source>
	<size>
		<width>640</width>
		<height>640</height>
		<depth>3</depth>
	</size>
	<segmented>0</segmented>
	<object>
		<name>empty</name>
		<pose>Unspecified</pose>
		<truncated>0</truncated>
		<difficult>1</difficult>
		<bndbox>
			<xmin>247</xmin>
			<ymin>280</ymin>
			<xmax>460</xmax>
			<ymax>338</ymax>
		</bndbox>
	</object>
	<object>
		<name>empty</name>
		<pose>Unspecified</pose>
		<truncated>0</truncated>
		<difficult>1</difficult>
		<bndbox>
			<xmin>238</xmin>
			<ymin>219</ymin>
			<xmax>471</xmax>
			<ymax>265</ymax>
		</bndbox>
	</object>
	<object>
		<name>empty</name>
		<pose>Unspecified</pose>
		<truncated>0</truncated>
		<difficult>1</difficult>
		<bndbox>
			<xmin>248</xmin>
			<ymin>62</ymin>
			<xmax>350</xmax>
			<ymax>124</ymax>
		</bndbox>
	</object>
</annotation>
