<annotation>
	<folder>train</folder>
	<filename>train_sya_85.jpg</filename>
	<path>C:\Users\User\Desktop\train\train_sya_85.jpg</path>
	<source>
		<database>Unknown</database>
	</source>
	<size>
		<width>640</width>
		<height>640</height>
		<depth>3</depth>
	</size>
	<segmented>0</segmented>
	<object>
		<name>empty</name>
		<pose>Unspecified</pose>
		<truncated>0</truncated>
		<difficult>1</difficult>
		<bndbox>
			<xmin>49</xmin>
			<ymin>324</ymin>
			<xmax>101</xmax>
			<ymax>384</ymax>
		</bndbox>
	</object>
	<object>
		<name>empty</name>
		<pose>Unspecified</pose>
		<truncated>0</truncated>
		<difficult>1</difficult>
		<bndbox>
			<xmin>93</xmin>
			<ymin>508</ymin>
			<xmax>135</xmax>
			<ymax>554</ymax>
		</bndbox>
	</object>
	<object>
		<name>empty</name>
		<pose>Unspecified</pose>
		<truncated>0</truncated>
		<difficult>1</difficult>
		<bndbox>
			<xmin>575</xmin>
			<ymin>398</ymin>
			<xmax>606</xmax>
			<ymax>449</ymax>
		</bndbox>
	</object>
</annotation>
