<annotation>
	<folder>train</folder>
	<filename>train_sya_255.jpg</filename>
	<path>C:\Users\User\Desktop\train\train_sya_255.jpg</path>
	<source>
		<database>Unknown</database>
	</source>
	<size>
		<width>640</width>
		<height>640</height>
		<depth>3</depth>
	</size>
	<segmented>0</segmented>
	<object>
		<name>empty</name>
		<pose>Unspecified</pose>
		<truncated>1</truncated>
		<difficult>1</difficult>
		<bndbox>
			<xmin>600</xmin>
			<ymin>340</ymin>
			<xmax>640</xmax>
			<ymax>378</ymax>
		</bndbox>
	</object>
	<object>
		<name>empty</name>
		<pose>Unspecified</pose>
		<truncated>0</truncated>
		<difficult>1</difficult>
		<bndbox>
			<xmin>447</xmin>
			<ymin>440</ymin>
			<xmax>507</xmax>
			<ymax>469</ymax>
		</bndbox>
	</object>
	<object>
		<name>empty</name>
		<pose>Unspecified</pose>
		<truncated>0</truncated>
		<difficult>1</difficult>
		<bndbox>
			<xmin>272</xmin>
			<ymin>71</ymin>
			<xmax>311</xmax>
			<ymax>111</ymax>
		</bndbox>
	</object>
	<object>
		<name>empty</name>
		<pose>Unspecified</pose>
		<truncated>0</truncated>
		<difficult>1</difficult>
		<bndbox>
			<xmin>51</xmin>
			<ymin>337</ymin>
			<xmax>144</xmax>
			<ymax>373</ymax>
		</bndbox>
	</object>
</annotation>
