<annotation>
	<folder>train</folder>
	<filename>train_sya_279.jpg</filename>
	<path>C:\Users\Asus\OneDrive - Swinburne University Of Technology Sarawak Campus\Intelligent Systems-DESKTOP-83K3K67\TestTrainNew\TestTrainNew\train\train_sya_279.jpg</path>
	<source>
		<database>Unknown</database>
	</source>
	<size>
		<width>640</width>
		<height>640</height>
		<depth>3</depth>
	</size>
	<segmented>0</segmented>
	<object>
		<name>empty</name>
		<pose>Unspecified</pose>
		<truncated>0</truncated>
		<difficult>1</difficult>
		<bndbox>
			<xmin>212</xmin>
			<ymin>277</ymin>
			<xmax>264</xmax>
			<ymax>332</ymax>
		</bndbox>
	</object>
	<object>
		<name>empty</name>
		<pose>Unspecified</pose>
		<truncated>0</truncated>
		<difficult>1</difficult>
		<bndbox>
			<xmin>79</xmin>
			<ymin>344</ymin>
			<xmax>149</xmax>
			<ymax>395</ymax>
		</bndbox>
	</object>
	<object>
		<name>empty</name>
		<pose>Unspecified</pose>
		<truncated>0</truncated>
		<difficult>1</difficult>
		<bndbox>
			<xmin>170</xmin>
			<ymin>407</ymin>
			<xmax>201</xmax>
			<ymax>466</ymax>
		</bndbox>
	</object>
	<object>
		<name>empty</name>
		<pose>Unspecified</pose>
		<truncated>0</truncated>
		<difficult>1</difficult>
		<bndbox>
			<xmin>80</xmin>
			<ymin>523</ymin>
			<xmax>127</xmax>
			<ymax>579</ymax>
		</bndbox>
	</object>
	<object>
		<name>empty</name>
		<pose>Unspecified</pose>
		<truncated>0</truncated>
		<difficult>1</difficult>
		<bndbox>
			<xmin>290</xmin>
			<ymin>397</ymin>
			<xmax>346</xmax>
			<ymax>462</ymax>
		</bndbox>
	</object>
	<object>
		<name>empty</name>
		<pose>Unspecified</pose>
		<truncated>0</truncated>
		<difficult>1</difficult>
		<bndbox>
			<xmin>449</xmin>
			<ymin>406</ymin>
			<xmax>505</xmax>
			<ymax>463</ymax>
		</bndbox>
	</object>
	<object>
		<name>empty</name>
		<pose>Unspecified</pose>
		<truncated>0</truncated>
		<difficult>1</difficult>
		<bndbox>
			<xmin>177</xmin>
			<ymin>142</ymin>
			<xmax>218</xmax>
			<ymax>197</ymax>
		</bndbox>
	</object>
	<object>
		<name>empty</name>
		<pose>Unspecified</pose>
		<truncated>0</truncated>
		<difficult>1</difficult>
		<bndbox>
			<xmin>247</xmin>
			<ymin>139</ymin>
			<xmax>271</xmax>
			<ymax>195</ymax>
		</bndbox>
	</object>
	<object>
		<name>empty</name>
		<pose>Unspecified</pose>
		<truncated>0</truncated>
		<difficult>1</difficult>
		<bndbox>
			<xmin>386</xmin>
			<ymin>64</ymin>
			<xmax>419</xmax>
			<ymax>123</ymax>
		</bndbox>
	</object>
	<object>
		<name>empty</name>
		<pose>Unspecified</pose>
		<truncated>0</truncated>
		<difficult>1</difficult>
		<bndbox>
			<xmin>519</xmin>
			<ymin>530</ymin>
			<xmax>548</xmax>
			<ymax>572</ymax>
		</bndbox>
	</object>
	<object>
		<name>empty</name>
		<pose>Unspecified</pose>
		<truncated>0</truncated>
		<difficult>1</difficult>
		<bndbox>
			<xmin>305</xmin>
			<ymin>519</ymin>
			<xmax>328</xmax>
			<ymax>569</ymax>
		</bndbox>
	</object>
</annotation>
