<annotation>
	<folder>train</folder>
	<filename>train_sya_156.jpg</filename>
	<path>C:\Users\User\Desktop\train\train_sya_156.jpg</path>
	<source>
		<database>Unknown</database>
	</source>
	<size>
		<width>640</width>
		<height>640</height>
		<depth>3</depth>
	</size>
	<segmented>0</segmented>
	<object>
		<name>empty</name>
		<pose>Unspecified</pose>
		<truncated>0</truncated>
		<difficult>1</difficult>
		<bndbox>
			<xmin>159</xmin>
			<ymin>166</ymin>
			<xmax>220</xmax>
			<ymax>216</ymax>
		</bndbox>
	</object>
	<object>
		<name>empty</name>
		<pose>Unspecified</pose>
		<truncated>0</truncated>
		<difficult>1</difficult>
		<bndbox>
			<xmin>81</xmin>
			<ymin>366</ymin>
			<xmax>127</xmax>
			<ymax>411</ymax>
		</bndbox>
	</object>
	<object>
		<name>empty</name>
		<pose>Unspecified</pose>
		<truncated>0</truncated>
		<difficult>1</difficult>
		<bndbox>
			<xmin>512</xmin>
			<ymin>297</ymin>
			<xmax>555</xmax>
			<ymax>361</ymax>
		</bndbox>
	</object>
	<object>
		<name>empty</name>
		<pose>Unspecified</pose>
		<truncated>0</truncated>
		<difficult>1</difficult>
		<bndbox>
			<xmin>281</xmin>
			<ymin>165</ymin>
			<xmax>320</xmax>
			<ymax>216</ymax>
		</bndbox>
	</object>
</annotation>
