<annotation>
	<folder>train</folder>
	<filename>train_sya_590.jpg</filename>
	<path>C:\Users\User\Desktop\train\train_sya_590.jpg</path>
	<source>
		<database>Unknown</database>
	</source>
	<size>
		<width>640</width>
		<height>640</height>
		<depth>3</depth>
	</size>
	<segmented>0</segmented>
	<object>
		<name>empty</name>
		<pose>Unspecified</pose>
		<truncated>0</truncated>
		<difficult>1</difficult>
		<bndbox>
			<xmin>16</xmin>
			<ymin>373</ymin>
			<xmax>73</xmax>
			<ymax>425</ymax>
		</bndbox>
	</object>
	<object>
		<name>empty</name>
		<pose>Unspecified</pose>
		<truncated>0</truncated>
		<difficult>1</difficult>
		<bndbox>
			<xmin>47</xmin>
			<ymin>258</ymin>
			<xmax>109</xmax>
			<ymax>298</ymax>
		</bndbox>
	</object>
	<object>
		<name>empty</name>
		<pose>Unspecified</pose>
		<truncated>0</truncated>
		<difficult>1</difficult>
		<bndbox>
			<xmin>45</xmin>
			<ymin>256</ymin>
			<xmax>107</xmax>
			<ymax>296</ymax>
		</bndbox>
	</object>
</annotation>
