<annotation>
	<folder>train</folder>
	<filename>train_sya_208.jpg</filename>
	<path>C:\Users\User\Desktop\train\train_sya_208.jpg</path>
	<source>
		<database>Unknown</database>
	</source>
	<size>
		<width>640</width>
		<height>640</height>
		<depth>3</depth>
	</size>
	<segmented>0</segmented>
	<object>
		<name>empty</name>
		<pose>Unspecified</pose>
		<truncated>0</truncated>
		<difficult>1</difficult>
		<bndbox>
			<xmin>37</xmin>
			<ymin>410</ymin>
			<xmax>148</xmax>
			<ymax>472</ymax>
		</bndbox>
	</object>
	<object>
		<name>empty</name>
		<pose>Unspecified</pose>
		<truncated>0</truncated>
		<difficult>1</difficult>
		<bndbox>
			<xmin>390</xmin>
			<ymin>528</ymin>
			<xmax>604</xmax>
			<ymax>597</ymax>
		</bndbox>
	</object>
	<object>
		<name>empty</name>
		<pose>Unspecified</pose>
		<truncated>0</truncated>
		<difficult>1</difficult>
		<bndbox>
			<xmin>192</xmin>
			<ymin>253</ymin>
			<xmax>240</xmax>
			<ymax>330</ymax>
		</bndbox>
	</object>
</annotation>
