<annotation>
	<folder>train</folder>
	<filename>train_sya_358.jpg</filename>
	<path>C:\Users\User\Desktop\train\train_sya_358.jpg</path>
	<source>
		<database>Unknown</database>
	</source>
	<size>
		<width>640</width>
		<height>640</height>
		<depth>3</depth>
	</size>
	<segmented>0</segmented>
	<object>
		<name>empty</name>
		<pose>Unspecified</pose>
		<truncated>0</truncated>
		<difficult>1</difficult>
		<bndbox>
			<xmin>196</xmin>
			<ymin>337</ymin>
			<xmax>240</xmax>
			<ymax>402</ymax>
		</bndbox>
	</object>
	<object>
		<name>empty</name>
		<pose>Unspecified</pose>
		<truncated>0</truncated>
		<difficult>1</difficult>
		<bndbox>
			<xmin>282</xmin>
			<ymin>201</ymin>
			<xmax>305</xmax>
			<ymax>259</ymax>
		</bndbox>
	</object>
	<object>
		<name>empty</name>
		<pose>Unspecified</pose>
		<truncated>0</truncated>
		<difficult>1</difficult>
		<bndbox>
			<xmin>348</xmin>
			<ymin>208</ymin>
			<xmax>380</xmax>
			<ymax>253</ymax>
		</bndbox>
	</object>
	<object>
		<name>empty</name>
		<pose>Unspecified</pose>
		<truncated>0</truncated>
		<difficult>1</difficult>
		<bndbox>
			<xmin>541</xmin>
			<ymin>27</ymin>
			<xmax>631</xmax>
			<ymax>82</ymax>
		</bndbox>
	</object>
	<object>
		<name>empty</name>
		<pose>Unspecified</pose>
		<truncated>0</truncated>
		<difficult>1</difficult>
		<bndbox>
			<xmin>437</xmin>
			<ymin>338</ymin>
			<xmax>471</xmax>
			<ymax>391</ymax>
		</bndbox>
	</object>
</annotation>
