<annotation>
	<folder>train</folder>
	<filename>train_sya_517.jpg</filename>
	<path>C:\Users\User\Desktop\train\train_sya_517.jpg</path>
	<source>
		<database>Unknown</database>
	</source>
	<size>
		<width>640</width>
		<height>640</height>
		<depth>3</depth>
	</size>
	<segmented>0</segmented>
	<object>
		<name>empty</name>
		<pose>Unspecified</pose>
		<truncated>1</truncated>
		<difficult>1</difficult>
		<bndbox>
			<xmin>1</xmin>
			<ymin>393</ymin>
			<xmax>16</xmax>
			<ymax>450</ymax>
		</bndbox>
	</object>
	<object>
		<name>empty</name>
		<pose>Unspecified</pose>
		<truncated>0</truncated>
		<difficult>1</difficult>
		<bndbox>
			<xmin>2</xmin>
			<ymin>395</ymin>
			<xmax>18</xmax>
			<ymax>452</ymax>
		</bndbox>
	</object>
</annotation>
