<annotation>
	<folder>train</folder>
	<filename>train_sya_440.jpg</filename>
	<path>C:\Users\User\Desktop\train\train_sya_440.jpg</path>
	<source>
		<database>Unknown</database>
	</source>
	<size>
		<width>640</width>
		<height>640</height>
		<depth>3</depth>
	</size>
	<segmented>0</segmented>
	<object>
		<name>empty</name>
		<pose>Unspecified</pose>
		<truncated>0</truncated>
		<difficult>1</difficult>
		<bndbox>
			<xmin>101</xmin>
			<ymin>283</ymin>
			<xmax>149</xmax>
			<ymax>338</ymax>
		</bndbox>
	</object>
	<object>
		<name>empty</name>
		<pose>Unspecified</pose>
		<truncated>0</truncated>
		<difficult>1</difficult>
		<bndbox>
			<xmin>181</xmin>
			<ymin>223</ymin>
			<xmax>233</xmax>
			<ymax>277</ymax>
		</bndbox>
	</object>
	<object>
		<name>empty</name>
		<pose>Unspecified</pose>
		<truncated>0</truncated>
		<difficult>1</difficult>
		<bndbox>
			<xmin>180</xmin>
			<ymin>89</ymin>
			<xmax>237</xmax>
			<ymax>144</ymax>
		</bndbox>
	</object>
	<object>
		<name>empty</name>
		<pose>Unspecified</pose>
		<truncated>0</truncated>
		<difficult>1</difficult>
		<bndbox>
			<xmin>34</xmin>
			<ymin>471</ymin>
			<xmax>106</xmax>
			<ymax>556</ymax>
		</bndbox>
	</object>
</annotation>
