<annotation>
	<folder>train</folder>
	<filename>train_sya_12.jpg</filename>
	<path>C:\Users\User\Downloads\TestTrainImages\train\train_sya_12.jpg</path>
	<source>
		<database>Unknown</database>
	</source>
	<size>
		<width>640</width>
		<height>640</height>
		<depth>3</depth>
	</size>
	<segmented>0</segmented>
	<object>
		<name>empty</name>
		<pose>Unspecified</pose>
		<truncated>0</truncated>
		<difficult>1</difficult>
		<bndbox>
			<xmin>138</xmin>
			<ymin>94</ymin>
			<xmax>204</xmax>
			<ymax>173</ymax>
		</bndbox>
	</object>
	<object>
		<name>empty</name>
		<pose>Unspecified</pose>
		<truncated>0</truncated>
		<difficult>1</difficult>
		<bndbox>
			<xmin>136</xmin>
			<ymin>546</ymin>
			<xmax>170</xmax>
			<ymax>593</ymax>
		</bndbox>
	</object>
	<object>
		<name>empty</name>
		<pose>Unspecified</pose>
		<truncated>0</truncated>
		<difficult>1</difficult>
		<bndbox>
			<xmin>238</xmin>
			<ymin>96</ymin>
			<xmax>284</xmax>
			<ymax>173</ymax>
		</bndbox>
	</object>
	<object>
		<name>empty</name>
		<pose>Unspecified</pose>
		<truncated>0</truncated>
		<difficult>1</difficult>
		<bndbox>
			<xmin>470</xmin>
			<ymin>6</ymin>
			<xmax>499</xmax>
			<ymax>73</ymax>
		</bndbox>
	</object>
	<object>
		<name>empty</name>
		<pose>Unspecified</pose>
		<truncated>0</truncated>
		<difficult>1</difficult>
		<bndbox>
			<xmin>541</xmin>
			<ymin>201</ymin>
			<xmax>574</xmax>
			<ymax>266</ymax>
		</bndbox>
	</object>
</annotation>
