<annotation>
	<folder>train</folder>
	<filename>train_sya_576.jpg</filename>
	<path>C:\Users\User\Desktop\train\train_sya_576.jpg</path>
	<source>
		<database>Unknown</database>
	</source>
	<size>
		<width>640</width>
		<height>640</height>
		<depth>3</depth>
	</size>
	<segmented>0</segmented>
	<object>
		<name>empty</name>
		<pose>Unspecified</pose>
		<truncated>0</truncated>
		<difficult>1</difficult>
		<bndbox>
			<xmin>181</xmin>
			<ymin>516</ymin>
			<xmax>283</xmax>
			<ymax>595</ymax>
		</bndbox>
	</object>
	<object>
		<name>empty</name>
		<pose>Unspecified</pose>
		<truncated>0</truncated>
		<difficult>1</difficult>
		<bndbox>
			<xmin>554</xmin>
			<ymin>260</ymin>
			<xmax>591</xmax>
			<ymax>329</ymax>
		</bndbox>
	</object>
</annotation>
