<annotation>
	<folder>train</folder>
	<filename>train_sya_563.jpg</filename>
	<path>C:\Users\User\Desktop\train\train_sya_563.jpg</path>
	<source>
		<database>Unknown</database>
	</source>
	<size>
		<width>640</width>
		<height>640</height>
		<depth>3</depth>
	</size>
	<segmented>0</segmented>
	<object>
		<name>empty</name>
		<pose>Unspecified</pose>
		<truncated>0</truncated>
		<difficult>1</difficult>
		<bndbox>
			<xmin>571</xmin>
			<ymin>355</ymin>
			<xmax>603</xmax>
			<ymax>397</ymax>
		</bndbox>
	</object>
	<object>
		<name>empty</name>
		<pose>Unspecified</pose>
		<truncated>0</truncated>
		<difficult>1</difficult>
		<bndbox>
			<xmin>357</xmin>
			<ymin>138</ymin>
			<xmax>431</xmax>
			<ymax>177</ymax>
		</bndbox>
	</object>
</annotation>
