<annotation>
	<folder>train</folder>
	<filename>train_sya_205.jpg</filename>
	<path>C:\Users\User\Desktop\train\train_sya_205.jpg</path>
	<source>
		<database>Unknown</database>
	</source>
	<size>
		<width>640</width>
		<height>640</height>
		<depth>3</depth>
	</size>
	<segmented>0</segmented>
	<object>
		<name>empty</name>
		<pose>Unspecified</pose>
		<truncated>0</truncated>
		<difficult>1</difficult>
		<bndbox>
			<xmin>249</xmin>
			<ymin>408</ymin>
			<xmax>356</xmax>
			<ymax>471</ymax>
		</bndbox>
	</object>
	<object>
		<name>empty</name>
		<pose>Unspecified</pose>
		<truncated>0</truncated>
		<difficult>1</difficult>
		<bndbox>
			<xmin>473</xmin>
			<ymin>477</ymin>
			<xmax>547</xmax>
			<ymax>527</ymax>
		</bndbox>
	</object>
	<object>
		<name>empty</name>
		<pose>Unspecified</pose>
		<truncated>0</truncated>
		<difficult>1</difficult>
		<bndbox>
			<xmin>349</xmin>
			<ymin>538</ymin>
			<xmax>413</xmax>
			<ymax>597</ymax>
		</bndbox>
	</object>
</annotation>
