<annotation>
	<folder>train</folder>
	<filename>train_sya_162.jpg</filename>
	<path>C:\Users\User\Desktop\train\train_sya_162.jpg</path>
	<source>
		<database>Unknown</database>
	</source>
	<size>
		<width>640</width>
		<height>640</height>
		<depth>3</depth>
	</size>
	<segmented>0</segmented>
	<object>
		<name>empty</name>
		<pose>Unspecified</pose>
		<truncated>0</truncated>
		<difficult>1</difficult>
		<bndbox>
			<xmin>270</xmin>
			<ymin>249</ymin>
			<xmax>383</xmax>
			<ymax>304</ymax>
		</bndbox>
	</object>
	<object>
		<name>empty</name>
		<pose>Unspecified</pose>
		<truncated>0</truncated>
		<difficult>1</difficult>
		<bndbox>
			<xmin>142</xmin>
			<ymin>501</ymin>
			<xmax>162</xmax>
			<ymax>548</ymax>
		</bndbox>
	</object>
	<object>
		<name>empty</name>
		<pose>Unspecified</pose>
		<truncated>0</truncated>
		<difficult>1</difficult>
		<bndbox>
			<xmin>548</xmin>
			<ymin>108</ymin>
			<xmax>578</xmax>
			<ymax>156</ymax>
		</bndbox>
	</object>
</annotation>
