<annotation>
	<folder>train</folder>
	<filename>train_sya_550.jpg</filename>
	<path>C:\Users\Asus\OneDrive - Swinburne University Of Technology Sarawak Campus\Intelligent Systems-DESKTOP-83K3K67\TestTrainNew\TestTrainNew\train\train_sya_550.jpg</path>
	<source>
		<database>Unknown</database>
	</source>
	<size>
		<width>640</width>
		<height>640</height>
		<depth>3</depth>
	</size>
	<segmented>0</segmented>
	<object>
		<name>empty</name>
		<pose>Unspecified</pose>
		<truncated>0</truncated>
		<difficult>1</difficult>
		<bndbox>
			<xmin>309</xmin>
			<ymin>434</ymin>
			<xmax>351</xmax>
			<ymax>488</ymax>
		</bndbox>
	</object>
	<object>
		<name>empty</name>
		<pose>Unspecified</pose>
		<truncated>0</truncated>
		<difficult>1</difficult>
		<bndbox>
			<xmin>542</xmin>
			<ymin>492</ymin>
			<xmax>607</xmax>
			<ymax>569</ymax>
		</bndbox>
	</object>
	<object>
		<name>empty</name>
		<pose>Unspecified</pose>
		<truncated>0</truncated>
		<difficult>1</difficult>
		<bndbox>
			<xmin>524</xmin>
			<ymin>199</ymin>
			<xmax>589</xmax>
			<ymax>251</ymax>
		</bndbox>
	</object>
	<object>
		<name>empty</name>
		<pose>Unspecified</pose>
		<truncated>0</truncated>
		<difficult>1</difficult>
		<bndbox>
			<xmin>423</xmin>
			<ymin>116</ymin>
			<xmax>540</xmax>
			<ymax>186</ymax>
		</bndbox>
	</object>
	<object>
		<name>empty</name>
		<pose>Unspecified</pose>
		<truncated>0</truncated>
		<difficult>1</difficult>
		<bndbox>
			<xmin>253</xmin>
			<ymin>112</ymin>
			<xmax>321</xmax>
			<ymax>175</ymax>
		</bndbox>
	</object>
	<object>
		<name>empty</name>
		<pose>Unspecified</pose>
		<truncated>0</truncated>
		<difficult>1</difficult>
		<bndbox>
			<xmin>11</xmin>
			<ymin>154</ymin>
			<xmax>45</xmax>
			<ymax>198</ymax>
		</bndbox>
	</object>
	<object>
		<name>empty</name>
		<pose>Unspecified</pose>
		<truncated>0</truncated>
		<difficult>1</difficult>
		<bndbox>
			<xmin>582</xmin>
			<ymin>434</ymin>
			<xmax>621</xmax>
			<ymax>477</ymax>
		</bndbox>
	</object>
	<object>
		<name>empty</name>
		<pose>Unspecified</pose>
		<truncated>0</truncated>
		<difficult>1</difficult>
		<bndbox>
			<xmin>114</xmin>
			<ymin>417</ymin>
			<xmax>138</xmax>
			<ymax>463</ymax>
		</bndbox>
	</object>
</annotation>
