<annotation>
	<folder>train</folder>
	<filename>train_sya_480.jpg</filename>
	<path>C:\Users\User\Desktop\train\train_sya_480.jpg</path>
	<source>
		<database>Unknown</database>
	</source>
	<size>
		<width>640</width>
		<height>640</height>
		<depth>3</depth>
	</size>
	<segmented>0</segmented>
	<object>
		<name>empty</name>
		<pose>Unspecified</pose>
		<truncated>1</truncated>
		<difficult>1</difficult>
		<bndbox>
			<xmin>1</xmin>
			<ymin>386</ymin>
			<xmax>28</xmax>
			<ymax>444</ymax>
		</bndbox>
	</object>
	<object>
		<name>empty</name>
		<pose>Unspecified</pose>
		<truncated>1</truncated>
		<difficult>1</difficult>
		<bndbox>
			<xmin>1</xmin>
			<ymin>453</ymin>
			<xmax>185</xmax>
			<ymax>494</ymax>
		</bndbox>
	</object>
</annotation>
