<annotation>
	<folder>train</folder>
	<filename>train_sya_260.jpg</filename>
	<path>C:\Users\User\Desktop\train\train_sya_260.jpg</path>
	<source>
		<database>Unknown</database>
	</source>
	<size>
		<width>640</width>
		<height>640</height>
		<depth>3</depth>
	</size>
	<segmented>0</segmented>
	<object>
		<name>empty</name>
		<pose>Unspecified</pose>
		<truncated>0</truncated>
		<difficult>1</difficult>
		<bndbox>
			<xmin>366</xmin>
			<ymin>241</ymin>
			<xmax>406</xmax>
			<ymax>290</ymax>
		</bndbox>
	</object>
	<object>
		<name>empty</name>
		<pose>Unspecified</pose>
		<truncated>0</truncated>
		<difficult>1</difficult>
		<bndbox>
			<xmin>253</xmin>
			<ymin>347</ymin>
			<xmax>338</xmax>
			<ymax>401</ymax>
		</bndbox>
	</object>
	<object>
		<name>empty</name>
		<pose>Unspecified</pose>
		<truncated>0</truncated>
		<difficult>1</difficult>
		<bndbox>
			<xmin>144</xmin>
			<ymin>470</ymin>
			<xmax>191</xmax>
			<ymax>521</ymax>
		</bndbox>
	</object>
</annotation>
