<annotation>
	<folder>train</folder>
	<filename>train_sya_25.jpg</filename>
	<path>C:\Users\User\Desktop\train\train_sya_25.jpg</path>
	<source>
		<database>Unknown</database>
	</source>
	<size>
		<width>640</width>
		<height>640</height>
		<depth>3</depth>
	</size>
	<segmented>0</segmented>
	<object>
		<name>empty</name>
		<pose>Unspecified</pose>
		<truncated>0</truncated>
		<difficult>1</difficult>
		<bndbox>
			<xmin>44</xmin>
			<ymin>531</ymin>
			<xmax>136</xmax>
			<ymax>567</ymax>
		</bndbox>
	</object>
	<object>
		<name>empty</name>
		<pose>Unspecified</pose>
		<truncated>0</truncated>
		<difficult>1</difficult>
		<bndbox>
			<xmin>429</xmin>
			<ymin>534</ymin>
			<xmax>472</xmax>
			<ymax>572</ymax>
		</bndbox>
	</object>
	<object>
		<name>empty</name>
		<pose>Unspecified</pose>
		<truncated>0</truncated>
		<difficult>1</difficult>
		<bndbox>
			<xmin>273</xmin>
			<ymin>433</ymin>
			<xmax>344</xmax>
			<ymax>463</ymax>
		</bndbox>
	</object>
	<object>
		<name>empty</name>
		<pose>Unspecified</pose>
		<truncated>0</truncated>
		<difficult>1</difficult>
		<bndbox>
			<xmin>406</xmin>
			<ymin>434</ymin>
			<xmax>444</xmax>
			<ymax>462</ymax>
		</bndbox>
	</object>
	<object>
		<name>empty</name>
		<pose>Unspecified</pose>
		<truncated>0</truncated>
		<difficult>1</difficult>
		<bndbox>
			<xmin>512</xmin>
			<ymin>96</ymin>
			<xmax>533</xmax>
			<ymax>134</ymax>
		</bndbox>
	</object>
	<object>
		<name>empty</name>
		<pose>Unspecified</pose>
		<truncated>0</truncated>
		<difficult>1</difficult>
		<bndbox>
			<xmin>131</xmin>
			<ymin>483</ymin>
			<xmax>174</xmax>
			<ymax>517</ymax>
		</bndbox>
	</object>
</annotation>
