<annotation>
	<folder>train</folder>
	<filename>train_sya_307.jpg</filename>
	<path>C:\Users\User\Desktop\train\train_sya_307.jpg</path>
	<source>
		<database>Unknown</database>
	</source>
	<size>
		<width>640</width>
		<height>640</height>
		<depth>3</depth>
	</size>
	<segmented>0</segmented>
	<object>
		<name>empty</name>
		<pose>Unspecified</pose>
		<truncated>0</truncated>
		<difficult>1</difficult>
		<bndbox>
			<xmin>110</xmin>
			<ymin>440</ymin>
			<xmax>206</xmax>
			<ymax>545</ymax>
		</bndbox>
	</object>
	<object>
		<name>empty</name>
		<pose>Unspecified</pose>
		<truncated>0</truncated>
		<difficult>1</difficult>
		<bndbox>
			<xmin>231</xmin>
			<ymin>247</ymin>
			<xmax>303</xmax>
			<ymax>313</ymax>
		</bndbox>
	</object>
	<object>
		<name>empty</name>
		<pose>Unspecified</pose>
		<truncated>0</truncated>
		<difficult>1</difficult>
		<bndbox>
			<xmin>114</xmin>
			<ymin>248</ymin>
			<xmax>164</xmax>
			<ymax>315</ymax>
		</bndbox>
	</object>
</annotation>
