<annotation>
	<folder>train</folder>
	<filename>train_sya_111.jpg</filename>
	<path>C:\Users\Asus\OneDrive - Swinburne University Of Technology Sarawak Campus\Intelligent Systems-DESKTOP-83K3K67\TestTrainNew\TestTrainNew\train\train_sya_111.jpg</path>
	<source>
		<database>Unknown</database>
	</source>
	<size>
		<width>640</width>
		<height>640</height>
		<depth>3</depth>
	</size>
	<segmented>0</segmented>
	<object>
		<name>empty</name>
		<pose>Unspecified</pose>
		<truncated>0</truncated>
		<difficult>1</difficult>
		<bndbox>
			<xmin>179</xmin>
			<ymin>345</ymin>
			<xmax>252</xmax>
			<ymax>439</ymax>
		</bndbox>
	</object>
</annotation>
