<annotation>
	<folder>Munieb_data</folder>
	<filename>train_mun_100.jpg</filename>
	<path>C:\Users\Munieb AWAD\OneDrive - Swinburne University Of Technology Sarawak Campus\sem 4 y 2 s 2\Intelligent System\ass_github\COS30018_Assignment\DATA_SET\Munieb_data\train_mun_100.jpg</path>
	<source>
		<database>Unknown</database>
	</source>
	<size>
		<width>640</width>
		<height>640</height>
		<depth>3</depth>
	</size>
	<segmented>0</segmented>
	<object>
		<name>empty</name>
		<pose>Unspecified</pose>
		<truncated>0</truncated>
		<difficult>1</difficult>
		<bndbox>
			<xmin>19</xmin>
			<ymin>173</ymin>
			<xmax>57</xmax>
			<ymax>236</ymax>
		</bndbox>
	</object>
	<object>
		<name>empty</name>
		<pose>Unspecified</pose>
		<truncated>0</truncated>
		<difficult>1</difficult>
		<bndbox>
			<xmin>42</xmin>
			<ymin>334</ymin>
			<xmax>88</xmax>
			<ymax>403</ymax>
		</bndbox>
	</object>
	<object>
		<name>unorganised</name>
		<pose>Unspecified</pose>
		<truncated>0</truncated>
		<difficult>1</difficult>
		<bndbox>
			<xmin>439</xmin>
			<ymin>253</ymin>
			<xmax>485</xmax>
			<ymax>323</ymax>
		</bndbox>
	</object>
	<object>
		<name>unorganised</name>
		<pose>Unspecified</pose>
		<truncated>0</truncated>
		<difficult>1</difficult>
		<bndbox>
			<xmin>551</xmin>
			<ymin>416</ymin>
			<xmax>581</xmax>
			<ymax>484</ymax>
		</bndbox>
	</object>
	<object>
		<name>empty</name>
		<pose>Unspecified</pose>
		<truncated>0</truncated>
		<difficult>1</difficult>
		<bndbox>
			<xmin>168</xmin>
			<ymin>497</ymin>
			<xmax>206</xmax>
			<ymax>553</ymax>
		</bndbox>
	</object>
</annotation>
