<annotation>
	<folder>images</folder>
	<filename>train_rafid_343.jpg</filename>
	<path>D:\IS\images\images\train_rafid_343.jpg</path>
	<source>
		<database>Unknown</database>
	</source>
	<size>
		<width>640</width>
		<height>640</height>
		<depth>3</depth>
	</size>
	<segmented>0</segmented>
	<object>
		<name>unorganised</name>
		<pose>Unspecified</pose>
		<truncated>0</truncated>
		<difficult>1</difficult>
		<bndbox>
			<xmin>552</xmin>
			<ymin>390</ymin>
			<xmax>620</xmax>
			<ymax>434</ymax>
		</bndbox>
	</object>
	<object>
		<name>unorganised</name>
		<pose>Unspecified</pose>
		<truncated>0</truncated>
		<difficult>1</difficult>
		<bndbox>
			<xmin>237</xmin>
			<ymin>502</ymin>
			<xmax>267</xmax>
			<ymax>537</ymax>
		</bndbox>
	</object>
	<object>
		<name>unorganised</name>
		<pose>Unspecified</pose>
		<truncated>0</truncated>
		<difficult>1</difficult>
		<bndbox>
			<xmin>422</xmin>
			<ymin>503</ymin>
			<xmax>470</xmax>
			<ymax>530</ymax>
		</bndbox>
	</object>
</annotation>
