<annotation>
	<folder>images</folder>
	<filename>train_rafid_109.jpg</filename>
	<path>D:\IS\images\images\train_rafid_109.jpg</path>
	<source>
		<database>Unknown</database>
	</source>
	<size>
		<width>640</width>
		<height>640</height>
		<depth>3</depth>
	</size>
	<segmented>0</segmented>
	<object>
		<name>unorganised</name>
		<pose>Unspecified</pose>
		<truncated>0</truncated>
		<difficult>1</difficult>
		<bndbox>
			<xmin>489</xmin>
			<ymin>157</ymin>
			<xmax>510</xmax>
			<ymax>208</ymax>
		</bndbox>
	</object>
	<object>
		<name>unorganised</name>
		<pose>Unspecified</pose>
		<truncated>0</truncated>
		<difficult>1</difficult>
		<bndbox>
			<xmin>382</xmin>
			<ymin>397</ymin>
			<xmax>447</xmax>
			<ymax>422</ymax>
		</bndbox>
	</object>
	<object>
		<name>unorganised</name>
		<pose>Unspecified</pose>
		<truncated>0</truncated>
		<difficult>1</difficult>
		<bndbox>
			<xmin>464</xmin>
			<ymin>387</ymin>
			<xmax>558</xmax>
			<ymax>423</ymax>
		</bndbox>
	</object>
</annotation>
