<annotation>
	<folder>images</folder>
	<filename>train_rafid_209.jpg</filename>
	<path>D:\IS\images\images\train_rafid_209.jpg</path>
	<source>
		<database>Unknown</database>
	</source>
	<size>
		<width>640</width>
		<height>640</height>
		<depth>3</depth>
	</size>
	<segmented>0</segmented>
	<object>
		<name>unorganised</name>
		<pose>Unspecified</pose>
		<truncated>0</truncated>
		<difficult>0</difficult>
		<bndbox>
			<xmin>271</xmin>
			<ymin>330</ymin>
			<xmax>366</xmax>
			<ymax>347</ymax>
		</bndbox>
	</object>
	<object>
		<name>unorganised</name>
		<pose>Unspecified</pose>
		<truncated>0</truncated>
		<difficult>0</difficult>
		<bndbox>
			<xmin>373</xmin>
			<ymin>322</ymin>
			<xmax>474</xmax>
			<ymax>337</ymax>
		</bndbox>
	</object>
	<object>
		<name>unorganised</name>
		<pose>Unspecified</pose>
		<truncated>0</truncated>
		<difficult>0</difficult>
		<bndbox>
			<xmin>597</xmin>
			<ymin>392</ymin>
			<xmax>618</xmax>
			<ymax>438</ymax>
		</bndbox>
	</object>
</annotation>
