<annotation>
	<folder>Munieb_data</folder>
	<filename>train_mun_139.jpg</filename>
	<path>C:\Users\Munieb AWAD\OneDrive - Swinburne University Of Technology Sarawak Campus\sem 4 y 2 s 2\Intelligent System\ass_github\COS30018_Assignment\DATA_SET\Munieb_data\train_mun_139.jpg</path>
	<source>
		<database>Unknown</database>
	</source>
	<size>
		<width>640</width>
		<height>640</height>
		<depth>3</depth>
	</size>
	<segmented>0</segmented>
	<object>
		<name>unorganised</name>
		<pose>Unspecified</pose>
		<truncated>0</truncated>
		<difficult>1</difficult>
		<bndbox>
			<xmin>365</xmin>
			<ymin>109</ymin>
			<xmax>405</xmax>
			<ymax>145</ymax>
		</bndbox>
	</object>
	<object>
		<name>empty</name>
		<pose>Unspecified</pose>
		<truncated>0</truncated>
		<difficult>1</difficult>
		<bndbox>
			<xmin>347</xmin>
			<ymin>173</ymin>
			<xmax>390</xmax>
			<ymax>219</ymax>
		</bndbox>
	</object>
	<object>
		<name>unorganised</name>
		<pose>Unspecified</pose>
		<truncated>0</truncated>
		<difficult>1</difficult>
		<bndbox>
			<xmin>412</xmin>
			<ymin>162</ymin>
			<xmax>498</xmax>
			<ymax>230</ymax>
		</bndbox>
	</object>
	<object>
		<name>empty</name>
		<pose>Unspecified</pose>
		<truncated>0</truncated>
		<difficult>1</difficult>
		<bndbox>
			<xmin>42</xmin>
			<ymin>223</ymin>
			<xmax>84</xmax>
			<ymax>274</ymax>
		</bndbox>
	</object>
	<object>
		<name>empty</name>
		<pose>Unspecified</pose>
		<truncated>0</truncated>
		<difficult>1</difficult>
		<bndbox>
			<xmin>203</xmin>
			<ymin>225</ymin>
			<xmax>244</xmax>
			<ymax>266</ymax>
		</bndbox>
	</object>
	<object>
		<name>empty</name>
		<pose>Unspecified</pose>
		<truncated>0</truncated>
		<difficult>1</difficult>
		<bndbox>
			<xmin>337</xmin>
			<ymin>229</ymin>
			<xmax>377</xmax>
			<ymax>271</ymax>
		</bndbox>
	</object>
	<object>
		<name>empty</name>
		<pose>Unspecified</pose>
		<truncated>0</truncated>
		<difficult>1</difficult>
		<bndbox>
			<xmin>430</xmin>
			<ymin>224</ymin>
			<xmax>450</xmax>
			<ymax>266</ymax>
		</bndbox>
	</object>
	<object>
		<name>unorganised</name>
		<pose>Unspecified</pose>
		<truncated>0</truncated>
		<difficult>1</difficult>
		<bndbox>
			<xmin>303</xmin>
			<ymin>282</ymin>
			<xmax>332</xmax>
			<ymax>334</ymax>
		</bndbox>
	</object>
	<object>
		<name>empty</name>
		<pose>Unspecified</pose>
		<truncated>0</truncated>
		<difficult>1</difficult>
		<bndbox>
			<xmin>199</xmin>
			<ymin>334</ymin>
			<xmax>230</xmax>
			<ymax>393</ymax>
		</bndbox>
	</object>
	<object>
		<name>unorganised</name>
		<pose>Unspecified</pose>
		<truncated>0</truncated>
		<difficult>1</difficult>
		<bndbox>
			<xmin>305</xmin>
			<ymin>334</ymin>
			<xmax>353</xmax>
			<ymax>397</ymax>
		</bndbox>
	</object>
	<object>
		<name>unorganised</name>
		<pose>Unspecified</pose>
		<truncated>0</truncated>
		<difficult>1</difficult>
		<bndbox>
			<xmin>349</xmin>
			<ymin>336</ymin>
			<xmax>368</xmax>
			<ymax>390</ymax>
		</bndbox>
	</object>
	<object>
		<name>empty</name>
		<pose>Unspecified</pose>
		<truncated>0</truncated>
		<difficult>1</difficult>
		<bndbox>
			<xmin>408</xmin>
			<ymin>338</ymin>
			<xmax>446</xmax>
			<ymax>394</ymax>
		</bndbox>
	</object>
	<object>
		<name>empty</name>
		<pose>Unspecified</pose>
		<truncated>0</truncated>
		<difficult>1</difficult>
		<bndbox>
			<xmin>71</xmin>
			<ymin>463</ymin>
			<xmax>107</xmax>
			<ymax>499</ymax>
		</bndbox>
	</object>
	<object>
		<name>unorganised</name>
		<pose>Unspecified</pose>
		<truncated>0</truncated>
		<difficult>1</difficult>
		<bndbox>
			<xmin>233</xmin>
			<ymin>459</ymin>
			<xmax>266</xmax>
			<ymax>492</ymax>
		</bndbox>
	</object>
	<object>
		<name>empty</name>
		<pose>Unspecified</pose>
		<truncated>0</truncated>
		<difficult>1</difficult>
		<bndbox>
			<xmin>267</xmin>
			<ymin>456</ymin>
			<xmax>306</xmax>
			<ymax>492</ymax>
		</bndbox>
	</object>
	<object>
		<name>empty</name>
		<pose>Unspecified</pose>
		<truncated>0</truncated>
		<difficult>1</difficult>
		<bndbox>
			<xmin>341</xmin>
			<ymin>458</ymin>
			<xmax>377</xmax>
			<ymax>491</ymax>
		</bndbox>
	</object>
	<object>
		<name>unorganised</name>
		<pose>Unspecified</pose>
		<truncated>0</truncated>
		<difficult>1</difficult>
		<bndbox>
			<xmin>136</xmin>
			<ymin>499</ymin>
			<xmax>180</xmax>
			<ymax>555</ymax>
		</bndbox>
	</object>
	<object>
		<name>empty</name>
		<pose>Unspecified</pose>
		<truncated>0</truncated>
		<difficult>1</difficult>
		<bndbox>
			<xmin>102</xmin>
			<ymin>501</ymin>
			<xmax>137</xmax>
			<ymax>553</ymax>
		</bndbox>
	</object>
	<object>
		<name>unorganised</name>
		<pose>Unspecified</pose>
		<truncated>0</truncated>
		<difficult>1</difficult>
		<bndbox>
			<xmin>301</xmin>
			<ymin>498</ymin>
			<xmax>337</xmax>
			<ymax>556</ymax>
		</bndbox>
	</object>
	<object>
		<name>unorganised</name>
		<pose>Unspecified</pose>
		<truncated>0</truncated>
		<difficult>1</difficult>
		<bndbox>
			<xmin>337</xmin>
			<ymin>501</ymin>
			<xmax>377</xmax>
			<ymax>564</ymax>
		</bndbox>
	</object>
	<object>
		<name>unorganised</name>
		<pose>Unspecified</pose>
		<truncated>0</truncated>
		<difficult>1</difficult>
		<bndbox>
			<xmin>372</xmin>
			<ymin>493</ymin>
			<xmax>394</xmax>
			<ymax>563</ymax>
		</bndbox>
	</object>
	<object>
		<name>unorganised</name>
		<pose>Unspecified</pose>
		<truncated>0</truncated>
		<difficult>1</difficult>
		<bndbox>
			<xmin>492</xmin>
			<ymin>477</ymin>
			<xmax>577</xmax>
			<ymax>556</ymax>
		</bndbox>
	</object>
	<object>
		<name>unorganised</name>
		<pose>Unspecified</pose>
		<truncated>1</truncated>
		<difficult>1</difficult>
		<bndbox>
			<xmin>492</xmin>
			<ymin>347</ymin>
			<xmax>640</xmax>
			<ymax>404</ymax>
		</bndbox>
	</object>
</annotation>
