<annotation>
	<folder>images</folder>
	<filename>train_rafid_405.jpg</filename>
	<path>D:\IS\images\images\train_rafid_405.jpg</path>
	<source>
		<database>Unknown</database>
	</source>
	<size>
		<width>640</width>
		<height>640</height>
		<depth>3</depth>
	</size>
	<segmented>0</segmented>
	<object>
		<name>unorganised</name>
		<pose>Unspecified</pose>
		<truncated>0</truncated>
		<difficult>0</difficult>
		<bndbox>
			<xmin>110</xmin>
			<ymin>473</ymin>
			<xmax>183</xmax>
			<ymax>519</ymax>
		</bndbox>
	</object>
	<object>
		<name>unorganised</name>
		<pose>Unspecified</pose>
		<truncated>0</truncated>
		<difficult>0</difficult>
		<bndbox>
			<xmin>524</xmin>
			<ymin>466</ymin>
			<xmax>573</xmax>
			<ymax>506</ymax>
		</bndbox>
	</object>
</annotation>
