<annotation>
	<folder>images</folder>
	<filename>train_rafid_250.jpg</filename>
	<path>D:\IS\images\images\train_rafid_250.jpg</path>
	<source>
		<database>Unknown</database>
	</source>
	<size>
		<width>640</width>
		<height>640</height>
		<depth>3</depth>
	</size>
	<segmented>0</segmented>
	<object>
		<name>unorganised</name>
		<pose>Unspecified</pose>
		<truncated>0</truncated>
		<difficult>0</difficult>
		<bndbox>
			<xmin>39</xmin>
			<ymin>214</ymin>
			<xmax>62</xmax>
			<ymax>272</ymax>
		</bndbox>
	</object>
</annotation>
