<annotation>
	<folder>Munieb_data</folder>
	<filename>train_mun_215.jpg</filename>
	<path>C:\Users\Munieb AWAD\OneDrive - Swinburne University Of Technology Sarawak Campus\sem 4 y 2 s 2\Intelligent System\ass_github\COS30018_Assignment\DATA_SET\Munieb_data\train_mun_215.jpg</path>
	<source>
		<database>Unknown</database>
	</source>
	<size>
		<width>640</width>
		<height>640</height>
		<depth>3</depth>
	</size>
	<segmented>0</segmented>
	<object>
		<name>unorganised</name>
		<pose>Unspecified</pose>
		<truncated>0</truncated>
		<difficult>1</difficult>
		<bndbox>
			<xmin>19</xmin>
			<ymin>314</ymin>
			<xmax>65</xmax>
			<ymax>369</ymax>
		</bndbox>
	</object>
	<object>
		<name>unorganised</name>
		<pose>Unspecified</pose>
		<truncated>0</truncated>
		<difficult>1</difficult>
		<bndbox>
			<xmin>246</xmin>
			<ymin>213</ymin>
			<xmax>297</xmax>
			<ymax>248</ymax>
		</bndbox>
	</object>
	<object>
		<name>unorganised</name>
		<pose>Unspecified</pose>
		<truncated>0</truncated>
		<difficult>1</difficult>
		<bndbox>
			<xmin>420</xmin>
			<ymin>326</ymin>
			<xmax>479</xmax>
			<ymax>382</ymax>
		</bndbox>
	</object>
	<object>
		<name>empty</name>
		<pose>Unspecified</pose>
		<truncated>0</truncated>
		<difficult>1</difficult>
		<bndbox>
			<xmin>76</xmin>
			<ymin>386</ymin>
			<xmax>167</xmax>
			<ymax>439</ymax>
		</bndbox>
	</object>
	<object>
		<name>empty</name>
		<pose>Unspecified</pose>
		<truncated>0</truncated>
		<difficult>1</difficult>
		<bndbox>
			<xmin>4</xmin>
			<ymin>448</ymin>
			<xmax>70</xmax>
			<ymax>506</ymax>
		</bndbox>
	</object>
	<object>
		<name>empty</name>
		<pose>Unspecified</pose>
		<truncated>0</truncated>
		<difficult>1</difficult>
		<bndbox>
			<xmin>134</xmin>
			<ymin>449</ymin>
			<xmax>242</xmax>
			<ymax>503</ymax>
		</bndbox>
	</object>
	<object>
		<name>empty</name>
		<pose>Unspecified</pose>
		<truncated>0</truncated>
		<difficult>1</difficult>
		<bndbox>
			<xmin>300</xmin>
			<ymin>449</ymin>
			<xmax>363</xmax>
			<ymax>501</ymax>
		</bndbox>
	</object>
	<object>
		<name>empty</name>
		<pose>Unspecified</pose>
		<truncated>0</truncated>
		<difficult>1</difficult>
		<bndbox>
			<xmin>573</xmin>
			<ymin>254</ymin>
			<xmax>621</xmax>
			<ymax>298</ymax>
		</bndbox>
	</object>
	<object>
		<name>empty</name>
		<pose>Unspecified</pose>
		<truncated>0</truncated>
		<difficult>1</difficult>
		<bndbox>
			<xmin>573</xmin>
			<ymin>201</ymin>
			<xmax>623</xmax>
			<ymax>244</ymax>
		</bndbox>
	</object>
</annotation>
