<annotation>
	<folder>Kellydataset</folder>
	<filename>train_kelly_560.jpg</filename>
	<path>C:\Users\Asus\OneDrive - Swinburne University Of Technology Sarawak Campus\Intelligent Systems-DESKTOP-83K3K67\Kellydataset\train_kelly_560.jpg</path>
	<source>
		<database>Unknown</database>
	</source>
	<size>
		<width>640</width>
		<height>640</height>
		<depth>3</depth>
	</size>
	<segmented>0</segmented>
	<object>
		<name>unorganised</name>
		<pose>Unspecified</pose>
		<truncated>0</truncated>
		<difficult>1</difficult>
		<bndbox>
			<xmin>258</xmin>
			<ymin>350</ymin>
			<xmax>311</xmax>
			<ymax>386</ymax>
		</bndbox>
	</object>
	<object>
		<name>empty</name>
		<pose>Unspecified</pose>
		<truncated>0</truncated>
		<difficult>1</difficult>
		<bndbox>
			<xmin>116</xmin>
			<ymin>416</ymin>
			<xmax>168</xmax>
			<ymax>475</ymax>
		</bndbox>
	</object>
	<object>
		<name>empty</name>
		<pose>Unspecified</pose>
		<truncated>0</truncated>
		<difficult>1</difficult>
		<bndbox>
			<xmin>12</xmin>
			<ymin>256</ymin>
			<xmax>57</xmax>
			<ymax>318</ymax>
		</bndbox>
	</object>
</annotation>
