<annotation>
	<folder>Munieb_data</folder>
	<filename>train_mun_365.jpg</filename>
	<path>C:\Users\Munieb AWAD\OneDrive - Swinburne University Of Technology Sarawak Campus\sem 4 y 2 s 2\Intelligent System\ass_github\COS30018_Assignment\DATA_SET\Munieb_data\train_mun_365.jpg</path>
	<source>
		<database>Unknown</database>
	</source>
	<size>
		<width>640</width>
		<height>640</height>
		<depth>3</depth>
	</size>
	<segmented>0</segmented>
	<object>
		<name>empty</name>
		<pose>Unspecified</pose>
		<truncated>0</truncated>
		<difficult>1</difficult>
		<bndbox>
			<xmin>444</xmin>
			<ymin>125</ymin>
			<xmax>532</xmax>
			<ymax>183</ymax>
		</bndbox>
	</object>
	<object>
		<name>empty</name>
		<pose>Unspecified</pose>
		<truncated>0</truncated>
		<difficult>1</difficult>
		<bndbox>
			<xmin>501</xmin>
			<ymin>469</ymin>
			<xmax>526</xmax>
			<ymax>508</ymax>
		</bndbox>
	</object>
	<object>
		<name>empty</name>
		<pose>Unspecified</pose>
		<truncated>0</truncated>
		<difficult>1</difficult>
		<bndbox>
			<xmin>217</xmin>
			<ymin>418</ymin>
			<xmax>236</xmax>
			<ymax>456</ymax>
		</bndbox>
	</object>
	<object>
		<name>empty</name>
		<pose>Unspecified</pose>
		<truncated>0</truncated>
		<difficult>1</difficult>
		<bndbox>
			<xmin>363</xmin>
			<ymin>309</ymin>
			<xmax>393</xmax>
			<ymax>356</ymax>
		</bndbox>
	</object>
	<object>
		<name>empty</name>
		<pose>Unspecified</pose>
		<truncated>0</truncated>
		<difficult>1</difficult>
		<bndbox>
			<xmin>539</xmin>
			<ymin>309</ymin>
			<xmax>564</xmax>
			<ymax>353</ymax>
		</bndbox>
	</object>
	<object>
		<name>unorganised</name>
		<pose>Unspecified</pose>
		<truncated>0</truncated>
		<difficult>1</difficult>
		<bndbox>
			<xmin>92</xmin>
			<ymin>153</ymin>
			<xmax>138</xmax>
			<ymax>167</ymax>
		</bndbox>
	</object>
	<object>
		<name>unorganised</name>
		<pose>Unspecified</pose>
		<truncated>0</truncated>
		<difficult>1</difficult>
		<bndbox>
			<xmin>314</xmin>
			<ymin>330</ymin>
			<xmax>362</xmax>
			<ymax>353</ymax>
		</bndbox>
	</object>
	<object>
		<name>unorganised</name>
		<pose>Unspecified</pose>
		<truncated>0</truncated>
		<difficult>1</difficult>
		<bndbox>
			<xmin>270</xmin>
			<ymin>361</ymin>
			<xmax>301</xmax>
			<ymax>395</ymax>
		</bndbox>
	</object>
	<object>
		<name>unorganised</name>
		<pose>Unspecified</pose>
		<truncated>0</truncated>
		<difficult>1</difficult>
		<bndbox>
			<xmin>291</xmin>
			<ymin>362</ymin>
			<xmax>319</xmax>
			<ymax>393</ymax>
		</bndbox>
	</object>
	<object>
		<name>unorganised</name>
		<pose>Unspecified</pose>
		<truncated>0</truncated>
		<difficult>1</difficult>
		<bndbox>
			<xmin>315</xmin>
			<ymin>371</ymin>
			<xmax>331</xmax>
			<ymax>386</ymax>
		</bndbox>
	</object>
	<object>
		<name>unorganised</name>
		<pose>Unspecified</pose>
		<truncated>0</truncated>
		<difficult>1</difficult>
		<bndbox>
			<xmin>236</xmin>
			<ymin>416</ymin>
			<xmax>286</xmax>
			<ymax>451</ymax>
		</bndbox>
	</object>
	<object>
		<name>unorganised</name>
		<pose>Unspecified</pose>
		<truncated>0</truncated>
		<difficult>1</difficult>
		<bndbox>
			<xmin>232</xmin>
			<ymin>477</ymin>
			<xmax>286</xmax>
			<ymax>494</ymax>
		</bndbox>
	</object>
	<object>
		<name>unorganised</name>
		<pose>Unspecified</pose>
		<truncated>0</truncated>
		<difficult>1</difficult>
		<bndbox>
			<xmin>556</xmin>
			<ymin>469</ymin>
			<xmax>579</xmax>
			<ymax>510</ymax>
		</bndbox>
	</object>
</annotation>
