<annotation>
	<folder>images</folder>
	<filename>train_rafid_301.jpg</filename>
	<path>D:\IS\images\images\train_rafid_301.jpg</path>
	<source>
		<database>Unknown</database>
	</source>
	<size>
		<width>640</width>
		<height>640</height>
		<depth>3</depth>
	</size>
	<segmented>0</segmented>
	<object>
		<name>unorganised</name>
		<pose>Unspecified</pose>
		<truncated>0</truncated>
		<difficult>1</difficult>
		<bndbox>
			<xmin>399</xmin>
			<ymin>58</ymin>
			<xmax>423</xmax>
			<ymax>129</ymax>
		</bndbox>
	</object>
	<object>
		<name>unorganised</name>
		<pose>Unspecified</pose>
		<truncated>0</truncated>
		<difficult>1</difficult>
		<bndbox>
			<xmin>131</xmin>
			<ymin>155</ymin>
			<xmax>163</xmax>
			<ymax>226</ymax>
		</bndbox>
	</object>
	<object>
		<name>unorganised</name>
		<pose>Unspecified</pose>
		<truncated>0</truncated>
		<difficult>1</difficult>
		<bndbox>
			<xmin>224</xmin>
			<ymin>269</ymin>
			<xmax>248</xmax>
			<ymax>321</ymax>
		</bndbox>
	</object>
	<object>
		<name>unorganised</name>
		<pose>Unspecified</pose>
		<truncated>0</truncated>
		<difficult>1</difficult>
		<bndbox>
			<xmin>90</xmin>
			<ymin>265</ymin>
			<xmax>135</xmax>
			<ymax>324</ymax>
		</bndbox>
	</object>
	<object>
		<name>unorganised</name>
		<pose>Unspecified</pose>
		<truncated>0</truncated>
		<difficult>1</difficult>
		<bndbox>
			<xmin>100</xmin>
			<ymin>356</ymin>
			<xmax>122</xmax>
			<ymax>405</ymax>
		</bndbox>
	</object>
</annotation>
