<annotation>
	<folder>images</folder>
	<filename>train_rafid_382.jpg</filename>
	<path>D:\IS\images\images\train_rafid_382.jpg</path>
	<source>
		<database>Unknown</database>
	</source>
	<size>
		<width>640</width>
		<height>640</height>
		<depth>3</depth>
	</size>
	<segmented>0</segmented>
	<object>
		<name>unorganised</name>
		<pose>Unspecified</pose>
		<truncated>0</truncated>
		<difficult>0</difficult>
		<bndbox>
			<xmin>535</xmin>
			<ymin>196</ymin>
			<xmax>626</xmax>
			<ymax>209</ymax>
		</bndbox>
	</object>
	<object>
		<name>unorganised</name>
		<pose>Unspecified</pose>
		<truncated>0</truncated>
		<difficult>0</difficult>
		<bndbox>
			<xmin>279</xmin>
			<ymin>258</ymin>
			<xmax>387</xmax>
			<ymax>276</ymax>
		</bndbox>
	</object>
	<object>
		<name>unorganised</name>
		<pose>Unspecified</pose>
		<truncated>0</truncated>
		<difficult>0</difficult>
		<bndbox>
			<xmin>387</xmin>
			<ymin>256</ymin>
			<xmax>499</xmax>
			<ymax>275</ymax>
		</bndbox>
	</object>
	<object>
		<name>unorganised</name>
		<pose>Unspecified</pose>
		<truncated>0</truncated>
		<difficult>0</difficult>
		<bndbox>
			<xmin>282</xmin>
			<ymin>316</ymin>
			<xmax>392</xmax>
			<ymax>334</ymax>
		</bndbox>
	</object>
	<object>
		<name>unorganised</name>
		<pose>Unspecified</pose>
		<truncated>0</truncated>
		<difficult>0</difficult>
		<bndbox>
			<xmin>180</xmin>
			<ymin>381</ymin>
			<xmax>287</xmax>
			<ymax>405</ymax>
		</bndbox>
	</object>
	<object>
		<name>unorganised</name>
		<pose>Unspecified</pose>
		<truncated>0</truncated>
		<difficult>0</difficult>
		<bndbox>
			<xmin>507</xmin>
			<ymin>370</ymin>
			<xmax>623</xmax>
			<ymax>385</ymax>
		</bndbox>
	</object>
	<object>
		<name>unorganised</name>
		<pose>Unspecified</pose>
		<truncated>0</truncated>
		<difficult>0</difficult>
		<bndbox>
			<xmin>524</xmin>
			<ymin>485</ymin>
			<xmax>617</xmax>
			<ymax>502</ymax>
		</bndbox>
	</object>
</annotation>
