<annotation>
	<folder>images</folder>
	<filename>train_rafid_193.jpg</filename>
	<path>D:\IS\images\images\train_rafid_193.jpg</path>
	<source>
		<database>Unknown</database>
	</source>
	<size>
		<width>640</width>
		<height>640</height>
		<depth>3</depth>
	</size>
	<segmented>0</segmented>
	<object>
		<name>unorganised</name>
		<pose>Unspecified</pose>
		<truncated>0</truncated>
		<difficult>0</difficult>
		<bndbox>
			<xmin>289</xmin>
			<ymin>240</ymin>
			<xmax>317</xmax>
			<ymax>285</ymax>
		</bndbox>
	</object>
	<object>
		<name>unorganised</name>
		<pose>Unspecified</pose>
		<truncated>0</truncated>
		<difficult>0</difficult>
		<bndbox>
			<xmin>360</xmin>
			<ymin>441</ymin>
			<xmax>398</xmax>
			<ymax>496</ymax>
		</bndbox>
	</object>
	<object>
		<name>unorganised</name>
		<pose>Unspecified</pose>
		<truncated>0</truncated>
		<difficult>0</difficult>
		<bndbox>
			<xmin>565</xmin>
			<ymin>461</ymin>
			<xmax>589</xmax>
			<ymax>503</ymax>
		</bndbox>
	</object>
</annotation>
