<annotation>
	<folder>images</folder>
	<filename>train_rafid_334.jpg</filename>
	<path>C:\Users\Munieb AWAD\OneDrive - Swinburne University Of Technology Sarawak Campus\sem 4 y 2 s 2\Intelligent System\ass_github\COS30018_Assignment\DATA_SET\annotated_data\new data\images\train_rafid_334.jpg</path>
	<source>
		<database>Unknown</database>
	</source>
	<size>
		<width>640</width>
		<height>640</height>
		<depth>3</depth>
	</size>
	<segmented>0</segmented>
	<object>
		<name>unorganised</name>
		<pose>Unspecified</pose>
		<truncated>0</truncated>
		<difficult>1</difficult>
		<bndbox>
			<xmin>171</xmin>
			<ymin>327</ymin>
			<xmax>203</xmax>
			<ymax>370</ymax>
		</bndbox>
	</object>
	<object>
		<name>unorganised</name>
		<pose>Unspecified</pose>
		<truncated>0</truncated>
		<difficult>1</difficult>
		<bndbox>
			<xmin>228</xmin>
			<ymin>424</ymin>
			<xmax>245</xmax>
			<ymax>456</ymax>
		</bndbox>
	</object>
	<object>
		<name>unorganised</name>
		<pose>Unspecified</pose>
		<truncated>0</truncated>
		<difficult>1</difficult>
		<bndbox>
			<xmin>295</xmin>
			<ymin>467</ymin>
			<xmax>323</xmax>
			<ymax>491</ymax>
		</bndbox>
	</object>
	<object>
		<name>unorganised</name>
		<pose>Unspecified</pose>
		<truncated>0</truncated>
		<difficult>1</difficult>
		<bndbox>
			<xmin>582</xmin>
			<ymin>342</ymin>
			<xmax>637</xmax>
			<ymax>385</ymax>
		</bndbox>
	</object>
	<object>
		<name>unorganised</name>
		<pose>Unspecified</pose>
		<truncated>0</truncated>
		<difficult>0</difficult>
		<bndbox>
			<xmin>428</xmin>
			<ymin>149</ymin>
			<xmax>445</xmax>
			<ymax>191</ymax>
		</bndbox>
	</object>
	<object>
		<name>unorganised</name>
		<pose>Unspecified</pose>
		<truncated>0</truncated>
		<difficult>0</difficult>
		<bndbox>
			<xmin>432</xmin>
			<ymin>342</ymin>
			<xmax>474</xmax>
			<ymax>368</ymax>
		</bndbox>
	</object>
	<object>
		<name>unorganised</name>
		<pose>Unspecified</pose>
		<truncated>0</truncated>
		<difficult>0</difficult>
		<bndbox>
			<xmin>170</xmin>
			<ymin>424</ymin>
			<xmax>197</xmax>
			<ymax>456</ymax>
		</bndbox>
	</object>
	<object>
		<name>empty</name>
		<pose>Unspecified</pose>
		<truncated>0</truncated>
		<difficult>0</difficult>
		<bndbox>
			<xmin>82</xmin>
			<ymin>330</ymin>
			<xmax>123</xmax>
			<ymax>371</ymax>
		</bndbox>
	</object>
	<object>
		<name>empty</name>
		<pose>Unspecified</pose>
		<truncated>0</truncated>
		<difficult>0</difficult>
		<bndbox>
			<xmin>35</xmin>
			<ymin>210</ymin>
			<xmax>100</xmax>
			<ymax>255</ymax>
		</bndbox>
	</object>
	<object>
		<name>empty</name>
		<pose>Unspecified</pose>
		<truncated>0</truncated>
		<difficult>0</difficult>
		<bndbox>
			<xmin>126</xmin>
			<ymin>148</ymin>
			<xmax>159</xmax>
			<ymax>195</ymax>
		</bndbox>
	</object>
</annotation>
