<annotation>
	<folder>Kellydataset</folder>
	<filename>train_kelly_364.jpg</filename>
	<path>C:\Users\Asus\OneDrive - Swinburne University Of Technology Sarawak Campus\Intelligent Systems-DESKTOP-83K3K67\Kellydataset\train_kelly_364.jpg</path>
	<source>
		<database>Unknown</database>
	</source>
	<size>
		<width>640</width>
		<height>640</height>
		<depth>3</depth>
	</size>
	<segmented>0</segmented>
	<object>
		<name>empty</name>
		<pose>Unspecified</pose>
		<truncated>0</truncated>
		<difficult>1</difficult>
		<bndbox>
			<xmin>585</xmin>
			<ymin>386</ymin>
			<xmax>624</xmax>
			<ymax>429</ymax>
		</bndbox>
	</object>
	<object>
		<name>unorganised</name>
		<pose>Unspecified</pose>
		<truncated>0</truncated>
		<difficult>1</difficult>
		<bndbox>
			<xmin>513</xmin>
			<ymin>478</ymin>
			<xmax>552</xmax>
			<ymax>516</ymax>
		</bndbox>
	</object>
	<object>
		<name>unorganised</name>
		<pose>Unspecified</pose>
		<truncated>0</truncated>
		<difficult>1</difficult>
		<bndbox>
			<xmin>288</xmin>
			<ymin>303</ymin>
			<xmax>338</xmax>
			<ymax>328</ymax>
		</bndbox>
	</object>
</annotation>
