<annotation>
	<folder>Munieb_data</folder>
	<filename>train_mun_277.jpg</filename>
	<path>C:\Users\Munieb AWAD\OneDrive - Swinburne University Of Technology Sarawak Campus\sem 4 y 2 s 2\Intelligent System\ass_github\COS30018_Assignment\DATA_SET\Munieb_data\train_mun_277.jpg</path>
	<source>
		<database>Unknown</database>
	</source>
	<size>
		<width>640</width>
		<height>640</height>
		<depth>3</depth>
	</size>
	<segmented>0</segmented>
	<object>
		<name>unorganised</name>
		<pose>Unspecified</pose>
		<truncated>0</truncated>
		<difficult>1</difficult>
		<bndbox>
			<xmin>463</xmin>
			<ymin>58</ymin>
			<xmax>487</xmax>
			<ymax>123</ymax>
		</bndbox>
	</object>
	<object>
		<name>unorganised</name>
		<pose>Unspecified</pose>
		<truncated>0</truncated>
		<difficult>1</difficult>
		<bndbox>
			<xmin>427</xmin>
			<ymin>49</ymin>
			<xmax>460</xmax>
			<ymax>122</ymax>
		</bndbox>
	</object>
	<object>
		<name>unorganised</name>
		<pose>Unspecified</pose>
		<truncated>0</truncated>
		<difficult>1</difficult>
		<bndbox>
			<xmin>210</xmin>
			<ymin>140</ymin>
			<xmax>231</xmax>
			<ymax>209</ymax>
		</bndbox>
	</object>
	<object>
		<name>unorganised</name>
		<pose>Unspecified</pose>
		<truncated>0</truncated>
		<difficult>1</difficult>
		<bndbox>
			<xmin>363</xmin>
			<ymin>144</ymin>
			<xmax>394</xmax>
			<ymax>214</ymax>
		</bndbox>
	</object>
	<object>
		<name>unorganised</name>
		<pose>Unspecified</pose>
		<truncated>0</truncated>
		<difficult>1</difficult>
		<bndbox>
			<xmin>560</xmin>
			<ymin>225</ymin>
			<xmax>580</xmax>
			<ymax>301</ymax>
		</bndbox>
	</object>
	<object>
		<name>unorganised</name>
		<pose>Unspecified</pose>
		<truncated>0</truncated>
		<difficult>1</difficult>
		<bndbox>
			<xmin>480</xmin>
			<ymin>317</ymin>
			<xmax>507</xmax>
			<ymax>368</ymax>
		</bndbox>
	</object>
	<object>
		<name>unorganised</name>
		<pose>Unspecified</pose>
		<truncated>0</truncated>
		<difficult>1</difficult>
		<bndbox>
			<xmin>586</xmin>
			<ymin>232</ymin>
			<xmax>611</xmax>
			<ymax>300</ymax>
		</bndbox>
	</object>
	<object>
		<name>empty</name>
		<pose>Unspecified</pose>
		<truncated>0</truncated>
		<difficult>1</difficult>
		<bndbox>
			<xmin>96</xmin>
			<ymin>221</ymin>
			<xmax>126</xmax>
			<ymax>289</ymax>
		</bndbox>
	</object>
	<object>
		<name>empty</name>
		<pose>Unspecified</pose>
		<truncated>0</truncated>
		<difficult>1</difficult>
		<bndbox>
			<xmin>370</xmin>
			<ymin>308</ymin>
			<xmax>403</xmax>
			<ymax>371</ymax>
		</bndbox>
	</object>
	<object>
		<name>empty</name>
		<pose>Unspecified</pose>
		<truncated>0</truncated>
		<difficult>1</difficult>
		<bndbox>
			<xmin>140</xmin>
			<ymin>384</ymin>
			<xmax>205</xmax>
			<ymax>438</ymax>
		</bndbox>
	</object>
	<object>
		<name>empty</name>
		<pose>Unspecified</pose>
		<truncated>0</truncated>
		<difficult>1</difficult>
		<bndbox>
			<xmin>490</xmin>
			<ymin>453</ymin>
			<xmax>568</xmax>
			<ymax>507</ymax>
		</bndbox>
	</object>
</annotation>
