<annotation>
	<folder>Kellydataset</folder>
	<filename>train_kelly_100.jpg</filename>
	<path>C:\Users\Asus\OneDrive - Swinburne University Of Technology Sarawak Campus\Intelligent Systems-DESKTOP-83K3K67\Kellydataset\train_kelly_100.jpg</path>
	<source>
		<database>Unknown</database>
	</source>
	<size>
		<width>640</width>
		<height>640</height>
		<depth>3</depth>
	</size>
	<segmented>0</segmented>
	<object>
		<name>empty</name>
		<pose>Unspecified</pose>
		<truncated>0</truncated>
		<difficult>1</difficult>
		<bndbox>
			<xmin>360</xmin>
			<ymin>507</ymin>
			<xmax>397</xmax>
			<ymax>573</ymax>
		</bndbox>
	</object>
	<object>
		<name>empty</name>
		<pose>Unspecified</pose>
		<truncated>0</truncated>
		<difficult>1</difficult>
		<bndbox>
			<xmin>49</xmin>
			<ymin>528</ymin>
			<xmax>82</xmax>
			<ymax>566</ymax>
		</bndbox>
	</object>
</annotation>
