<annotation>
	<folder>images</folder>
	<filename>train_rafid_264.jpg</filename>
	<path>D:\IS\images\images\train_rafid_264.jpg</path>
	<source>
		<database>Unknown</database>
	</source>
	<size>
		<width>640</width>
		<height>640</height>
		<depth>3</depth>
	</size>
	<segmented>0</segmented>
	<object>
		<name>unorganised</name>
		<pose>Unspecified</pose>
		<truncated>0</truncated>
		<difficult>0</difficult>
		<bndbox>
			<xmin>31</xmin>
			<ymin>201</ymin>
			<xmax>49</xmax>
			<ymax>251</ymax>
		</bndbox>
	</object>
</annotation>
