<annotation>
	<folder>images</folder>
	<filename>train_rafid_206.jpg</filename>
	<path>D:\IS\images\images\train_rafid_206.jpg</path>
	<source>
		<database>Unknown</database>
	</source>
	<size>
		<width>640</width>
		<height>640</height>
		<depth>3</depth>
	</size>
	<segmented>0</segmented>
	<object>
		<name>unorganised</name>
		<pose>Unspecified</pose>
		<truncated>0</truncated>
		<difficult>0</difficult>
		<bndbox>
			<xmin>106</xmin>
			<ymin>500</ymin>
			<xmax>122</xmax>
			<ymax>558</ymax>
		</bndbox>
	</object>
	<object>
		<name>unorganised</name>
		<pose>Unspecified</pose>
		<truncated>0</truncated>
		<difficult>0</difficult>
		<bndbox>
			<xmin>464</xmin>
			<ymin>235</ymin>
			<xmax>497</xmax>
			<ymax>265</ymax>
		</bndbox>
	</object>
</annotation>
