<annotation>
	<folder>images</folder>
	<filename>train_rafid_102.jpg</filename>
	<path>C:\Users\Munieb AWAD\OneDrive - Swinburne University Of Technology Sarawak Campus\sem 4 y 2 s 2\Intelligent System\ass_github\COS30018_Assignment\DATA_SET\annotated_data\new data\images\train_rafid_102.jpg</path>
	<source>
		<database>Unknown</database>
	</source>
	<size>
		<width>640</width>
		<height>640</height>
		<depth>3</depth>
	</size>
	<segmented>0</segmented>
	<object>
		<name>unorganised</name>
		<pose>Unspecified</pose>
		<truncated>0</truncated>
		<difficult>1</difficult>
		<bndbox>
			<xmin>230</xmin>
			<ymin>331</ymin>
			<xmax>282</xmax>
			<ymax>350</ymax>
		</bndbox>
	</object>
	<object>
		<name>unorganised</name>
		<pose>Unspecified</pose>
		<truncated>0</truncated>
		<difficult>1</difficult>
		<bndbox>
			<xmin>326</xmin>
			<ymin>451</ymin>
			<xmax>384</xmax>
			<ymax>474</ymax>
		</bndbox>
	</object>
	<object>
		<name>unorganised</name>
		<pose>Unspecified</pose>
		<truncated>0</truncated>
		<difficult>1</difficult>
		<bndbox>
			<xmin>6</xmin>
			<ymin>496</ymin>
			<xmax>44</xmax>
			<ymax>527</ymax>
		</bndbox>
	</object>
	<object>
		<name>unorganised</name>
		<pose>Unspecified</pose>
		<truncated>0</truncated>
		<difficult>1</difficult>
		<bndbox>
			<xmin>91</xmin>
			<ymin>53</ymin>
			<xmax>137</xmax>
			<ymax>82</ymax>
		</bndbox>
	</object>
	<object>
		<name>empty</name>
		<pose>Unspecified</pose>
		<truncated>0</truncated>
		<difficult>0</difficult>
		<bndbox>
			<xmin>125</xmin>
			<ymin>333</ymin>
			<xmax>183</xmax>
			<ymax>374</ymax>
		</bndbox>
	</object>
	<object>
		<name>empty</name>
		<pose>Unspecified</pose>
		<truncated>0</truncated>
		<difficult>0</difficult>
		<bndbox>
			<xmin>349</xmin>
			<ymin>282</ymin>
			<xmax>427</xmax>
			<ymax>311</ymax>
		</bndbox>
	</object>
	<object>
		<name>empty</name>
		<pose>Unspecified</pose>
		<truncated>0</truncated>
		<difficult>0</difficult>
		<bndbox>
			<xmin>113</xmin>
			<ymin>166</ymin>
			<xmax>166</xmax>
			<ymax>200</ymax>
		</bndbox>
	</object>
	<object>
		<name>empty</name>
		<pose>Unspecified</pose>
		<truncated>0</truncated>
		<difficult>0</difficult>
		<bndbox>
			<xmin>238</xmin>
			<ymin>108</ymin>
			<xmax>292</xmax>
			<ymax>145</ymax>
		</bndbox>
	</object>
	<object>
		<name>empty</name>
		<pose>Unspecified</pose>
		<truncated>0</truncated>
		<difficult>0</difficult>
		<bndbox>
			<xmin>379</xmin>
			<ymin>113</ymin>
			<xmax>449</xmax>
			<ymax>147</ymax>
		</bndbox>
	</object>
	<object>
		<name>empty</name>
		<pose>Unspecified</pose>
		<truncated>0</truncated>
		<difficult>0</difficult>
		<bndbox>
			<xmin>564</xmin>
			<ymin>366</ymin>
			<xmax>633</xmax>
			<ymax>425</ymax>
		</bndbox>
	</object>
	<object>
		<name>empty</name>
		<pose>Unspecified</pose>
		<truncated>0</truncated>
		<difficult>0</difficult>
		<bndbox>
			<xmin>453</xmin>
			<ymin>454</ymin>
			<xmax>532</xmax>
			<ymax>476</ymax>
		</bndbox>
	</object>
	<object>
		<name>empty</name>
		<pose>Unspecified</pose>
		<truncated>0</truncated>
		<difficult>0</difficult>
		<bndbox>
			<xmin>238</xmin>
			<ymin>453</ymin>
			<xmax>319</xmax>
			<ymax>473</ymax>
		</bndbox>
	</object>
</annotation>
