<annotation>
	<folder>Munieb_data</folder>
	<filename>train_mun_286.jpg</filename>
	<path>C:\Users\Munieb AWAD\OneDrive - Swinburne University Of Technology Sarawak Campus\sem 4 y 2 s 2\Intelligent System\ass_github\COS30018_Assignment\DATA_SET\Munieb_data\train_mun_286.jpg</path>
	<source>
		<database>Unknown</database>
	</source>
	<size>
		<width>640</width>
		<height>640</height>
		<depth>3</depth>
	</size>
	<segmented>0</segmented>
	<object>
		<name>empty</name>
		<pose>Unspecified</pose>
		<truncated>0</truncated>
		<difficult>1</difficult>
		<bndbox>
			<xmin>95</xmin>
			<ymin>145</ymin>
			<xmax>122</xmax>
			<ymax>203</ymax>
		</bndbox>
	</object>
	<object>
		<name>empty</name>
		<pose>Unspecified</pose>
		<truncated>0</truncated>
		<difficult>1</difficult>
		<bndbox>
			<xmin>197</xmin>
			<ymin>160</ymin>
			<xmax>218</xmax>
			<ymax>208</ymax>
		</bndbox>
	</object>
	<object>
		<name>empty</name>
		<pose>Unspecified</pose>
		<truncated>0</truncated>
		<difficult>1</difficult>
		<bndbox>
			<xmin>220</xmin>
			<ymin>163</ymin>
			<xmax>251</xmax>
			<ymax>210</ymax>
		</bndbox>
	</object>
	<object>
		<name>empty</name>
		<pose>Unspecified</pose>
		<truncated>0</truncated>
		<difficult>1</difficult>
		<bndbox>
			<xmin>320</xmin>
			<ymin>169</ymin>
			<xmax>349</xmax>
			<ymax>212</ymax>
		</bndbox>
	</object>
	<object>
		<name>empty</name>
		<pose>Unspecified</pose>
		<truncated>0</truncated>
		<difficult>1</difficult>
		<bndbox>
			<xmin>369</xmin>
			<ymin>168</ymin>
			<xmax>393</xmax>
			<ymax>221</ymax>
		</bndbox>
	</object>
	<object>
		<name>empty</name>
		<pose>Unspecified</pose>
		<truncated>0</truncated>
		<difficult>1</difficult>
		<bndbox>
			<xmin>393</xmin>
			<ymin>166</ymin>
			<xmax>419</xmax>
			<ymax>221</ymax>
		</bndbox>
	</object>
	<object>
		<name>empty</name>
		<pose>Unspecified</pose>
		<truncated>0</truncated>
		<difficult>1</difficult>
		<bndbox>
			<xmin>423</xmin>
			<ymin>160</ymin>
			<xmax>452</xmax>
			<ymax>225</ymax>
		</bndbox>
	</object>
	<object>
		<name>empty</name>
		<pose>Unspecified</pose>
		<truncated>0</truncated>
		<difficult>1</difficult>
		<bndbox>
			<xmin>289</xmin>
			<ymin>166</ymin>
			<xmax>317</xmax>
			<ymax>216</ymax>
		</bndbox>
	</object>
	<object>
		<name>empty</name>
		<pose>Unspecified</pose>
		<truncated>0</truncated>
		<difficult>1</difficult>
		<bndbox>
			<xmin>126</xmin>
			<ymin>145</ymin>
			<xmax>164</xmax>
			<ymax>208</ymax>
		</bndbox>
	</object>
	<object>
		<name>empty</name>
		<pose>Unspecified</pose>
		<truncated>0</truncated>
		<difficult>1</difficult>
		<bndbox>
			<xmin>305</xmin>
			<ymin>313</ymin>
			<xmax>381</xmax>
			<ymax>365</ymax>
		</bndbox>
	</object>
	<object>
		<name>empty</name>
		<pose>Unspecified</pose>
		<truncated>0</truncated>
		<difficult>1</difficult>
		<bndbox>
			<xmin>338</xmin>
			<ymin>458</ymin>
			<xmax>366</xmax>
			<ymax>506</ymax>
		</bndbox>
	</object>
	<object>
		<name>empty</name>
		<pose>Unspecified</pose>
		<truncated>0</truncated>
		<difficult>1</difficult>
		<bndbox>
			<xmin>396</xmin>
			<ymin>455</ymin>
			<xmax>416</xmax>
			<ymax>501</ymax>
		</bndbox>
	</object>
	<object>
		<name>empty</name>
		<pose>Unspecified</pose>
		<truncated>0</truncated>
		<difficult>1</difficult>
		<bndbox>
			<xmin>572</xmin>
			<ymin>317</ymin>
			<xmax>591</xmax>
			<ymax>360</ymax>
		</bndbox>
	</object>
	<object>
		<name>unorganised</name>
		<pose>Unspecified</pose>
		<truncated>0</truncated>
		<difficult>1</difficult>
		<bndbox>
			<xmin>271</xmin>
			<ymin>278</ymin>
			<xmax>325</xmax>
			<ymax>295</ymax>
		</bndbox>
	</object>
	<object>
		<name>unorganised</name>
		<pose>Unspecified</pose>
		<truncated>0</truncated>
		<difficult>1</difficult>
		<bndbox>
			<xmin>102</xmin>
			<ymin>416</ymin>
			<xmax>166</xmax>
			<ymax>436</ymax>
		</bndbox>
	</object>
	<object>
		<name>unorganised</name>
		<pose>Unspecified</pose>
		<truncated>0</truncated>
		<difficult>1</difficult>
		<bndbox>
			<xmin>96</xmin>
			<ymin>434</ymin>
			<xmax>168</xmax>
			<ymax>451</ymax>
		</bndbox>
	</object>
	<object>
		<name>unorganised</name>
		<pose>Unspecified</pose>
		<truncated>0</truncated>
		<difficult>1</difficult>
		<bndbox>
			<xmin>397</xmin>
			<ymin>390</ymin>
			<xmax>433</xmax>
			<ymax>434</ymax>
		</bndbox>
	</object>
	<object>
		<name>unorganised</name>
		<pose>Unspecified</pose>
		<truncated>0</truncated>
		<difficult>1</difficult>
		<bndbox>
			<xmin>365</xmin>
			<ymin>464</ymin>
			<xmax>397</xmax>
			<ymax>497</ymax>
		</bndbox>
	</object>
	<object>
		<name>unorganised</name>
		<pose>Unspecified</pose>
		<truncated>0</truncated>
		<difficult>1</difficult>
		<bndbox>
			<xmin>364</xmin>
			<ymin>531</ymin>
			<xmax>403</xmax>
			<ymax>560</ymax>
		</bndbox>
	</object>
	<object>
		<name>unorganised</name>
		<pose>Unspecified</pose>
		<truncated>0</truncated>
		<difficult>1</difficult>
		<bndbox>
			<xmin>45</xmin>
			<ymin>477</ymin>
			<xmax>112</xmax>
			<ymax>530</ymax>
		</bndbox>
	</object>
</annotation>
