<annotation>
	<folder>images</folder>
	<filename>train_rafid_319.jpg</filename>
	<path>D:\IS\images\images\train_rafid_319.jpg</path>
	<source>
		<database>Unknown</database>
	</source>
	<size>
		<width>640</width>
		<height>640</height>
		<depth>3</depth>
	</size>
	<segmented>0</segmented>
	<object>
		<name>unorganised</name>
		<pose>Unspecified</pose>
		<truncated>0</truncated>
		<difficult>1</difficult>
		<bndbox>
			<xmin>66</xmin>
			<ymin>3</ymin>
			<xmax>98</xmax>
			<ymax>52</ymax>
		</bndbox>
	</object>
	<object>
		<name>unorganised</name>
		<pose>Unspecified</pose>
		<truncated>0</truncated>
		<difficult>1</difficult>
		<bndbox>
			<xmin>177</xmin>
			<ymin>84</ymin>
			<xmax>228</xmax>
			<ymax>160</ymax>
		</bndbox>
	</object>
	<object>
		<name>unorganised</name>
		<pose>Unspecified</pose>
		<truncated>0</truncated>
		<difficult>1</difficult>
		<bndbox>
			<xmin>411</xmin>
			<ymin>294</ymin>
			<xmax>432</xmax>
			<ymax>346</ymax>
		</bndbox>
	</object>
	<object>
		<name>unorganised</name>
		<pose>Unspecified</pose>
		<truncated>0</truncated>
		<difficult>1</difficult>
		<bndbox>
			<xmin>102</xmin>
			<ymin>378</ymin>
			<xmax>126</xmax>
			<ymax>432</ymax>
		</bndbox>
	</object>
	<object>
		<name>unorganised</name>
		<pose>Unspecified</pose>
		<truncated>0</truncated>
		<difficult>1</difficult>
		<bndbox>
			<xmin>262</xmin>
			<ymin>542</ymin>
			<xmax>319</xmax>
			<ymax>591</ymax>
		</bndbox>
	</object>
	<object>
		<name>unorganised</name>
		<pose>Unspecified</pose>
		<truncated>0</truncated>
		<difficult>1</difficult>
		<bndbox>
			<xmin>518</xmin>
			<ymin>542</ymin>
			<xmax>539</xmax>
			<ymax>584</ymax>
		</bndbox>
	</object>
	<object>
		<name>unorganised</name>
		<pose>Unspecified</pose>
		<truncated>0</truncated>
		<difficult>1</difficult>
		<bndbox>
			<xmin>80</xmin>
			<ymin>381</ymin>
			<xmax>101</xmax>
			<ymax>432</ymax>
		</bndbox>
	</object>
</annotation>
