<annotation>
	<folder>Munieb_data</folder>
	<filename>train_mun_285.jpg</filename>
	<path>C:\Users\Munieb AWAD\OneDrive - Swinburne University Of Technology Sarawak Campus\sem 4 y 2 s 2\Intelligent System\ass_github\COS30018_Assignment\DATA_SET\Munieb_data\train_mun_285.jpg</path>
	<source>
		<database>Unknown</database>
	</source>
	<size>
		<width>640</width>
		<height>640</height>
		<depth>3</depth>
	</size>
	<segmented>0</segmented>
	<object>
		<name>unorganised</name>
		<pose>Unspecified</pose>
		<truncated>0</truncated>
		<difficult>1</difficult>
		<bndbox>
			<xmin>455</xmin>
			<ymin>30</ymin>
			<xmax>512</xmax>
			<ymax>66</ymax>
		</bndbox>
	</object>
	<object>
		<name>unorganised</name>
		<pose>Unspecified</pose>
		<truncated>1</truncated>
		<difficult>1</difficult>
		<bndbox>
			<xmin>568</xmin>
			<ymin>47</ymin>
			<xmax>640</xmax>
			<ymax>83</ymax>
		</bndbox>
	</object>
	<object>
		<name>unorganised</name>
		<pose>Unspecified</pose>
		<truncated>0</truncated>
		<difficult>1</difficult>
		<bndbox>
			<xmin>102</xmin>
			<ymin>128</ymin>
			<xmax>163</xmax>
			<ymax>174</ymax>
		</bndbox>
	</object>
	<object>
		<name>unorganised</name>
		<pose>Unspecified</pose>
		<truncated>0</truncated>
		<difficult>1</difficult>
		<bndbox>
			<xmin>216</xmin>
			<ymin>118</ymin>
			<xmax>253</xmax>
			<ymax>147</ymax>
		</bndbox>
	</object>
	<object>
		<name>unorganised</name>
		<pose>Unspecified</pose>
		<truncated>0</truncated>
		<difficult>1</difficult>
		<bndbox>
			<xmin>409</xmin>
			<ymin>129</ymin>
			<xmax>468</xmax>
			<ymax>165</ymax>
		</bndbox>
	</object>
	<object>
		<name>unorganised</name>
		<pose>Unspecified</pose>
		<truncated>0</truncated>
		<difficult>1</difficult>
		<bndbox>
			<xmin>419</xmin>
			<ymin>159</ymin>
			<xmax>473</xmax>
			<ymax>186</ymax>
		</bndbox>
	</object>
	<object>
		<name>unorganised</name>
		<pose>Unspecified</pose>
		<truncated>0</truncated>
		<difficult>1</difficult>
		<bndbox>
			<xmin>325</xmin>
			<ymin>201</ymin>
			<xmax>365</xmax>
			<ymax>249</ymax>
		</bndbox>
	</object>
	<object>
		<name>unorganised</name>
		<pose>Unspecified</pose>
		<truncated>0</truncated>
		<difficult>1</difficult>
		<bndbox>
			<xmin>207</xmin>
			<ymin>277</ymin>
			<xmax>266</xmax>
			<ymax>323</ymax>
		</bndbox>
	</object>
	<object>
		<name>unorganised</name>
		<pose>Unspecified</pose>
		<truncated>0</truncated>
		<difficult>1</difficult>
		<bndbox>
			<xmin>323</xmin>
			<ymin>287</ymin>
			<xmax>405</xmax>
			<ymax>329</ymax>
		</bndbox>
	</object>
	<object>
		<name>unorganised</name>
		<pose>Unspecified</pose>
		<truncated>0</truncated>
		<difficult>1</difficult>
		<bndbox>
			<xmin>523</xmin>
			<ymin>282</ymin>
			<xmax>605</xmax>
			<ymax>306</ymax>
		</bndbox>
	</object>
	<object>
		<name>unorganised</name>
		<pose>Unspecified</pose>
		<truncated>0</truncated>
		<difficult>1</difficult>
		<bndbox>
			<xmin>222</xmin>
			<ymin>345</ymin>
			<xmax>320</xmax>
			<ymax>364</ymax>
		</bndbox>
	</object>
	<object>
		<name>unorganised</name>
		<pose>Unspecified</pose>
		<truncated>0</truncated>
		<difficult>1</difficult>
		<bndbox>
			<xmin>322</xmin>
			<ymin>355</ymin>
			<xmax>368</xmax>
			<ymax>390</ymax>
		</bndbox>
	</object>
	<object>
		<name>unorganised</name>
		<pose>Unspecified</pose>
		<truncated>0</truncated>
		<difficult>1</difficult>
		<bndbox>
			<xmin>201</xmin>
			<ymin>477</ymin>
			<xmax>246</xmax>
			<ymax>514</ymax>
		</bndbox>
	</object>
	<object>
		<name>unorganised</name>
		<pose>Unspecified</pose>
		<truncated>0</truncated>
		<difficult>1</difficult>
		<bndbox>
			<xmin>164</xmin>
			<ymin>473</ymin>
			<xmax>205</xmax>
			<ymax>499</ymax>
		</bndbox>
	</object>
	<object>
		<name>unorganised</name>
		<pose>Unspecified</pose>
		<truncated>0</truncated>
		<difficult>1</difficult>
		<bndbox>
			<xmin>392</xmin>
			<ymin>471</ymin>
			<xmax>458</xmax>
			<ymax>492</ymax>
		</bndbox>
	</object>
	<object>
		<name>empty</name>
		<pose>Unspecified</pose>
		<truncated>0</truncated>
		<difficult>1</difficult>
		<bndbox>
			<xmin>414</xmin>
			<ymin>410</ymin>
			<xmax>470</xmax>
			<ymax>450</ymax>
		</bndbox>
	</object>
</annotation>
