<annotation>
	<folder>images</folder>
	<filename>train_kelly_342.jpg</filename>
	<path>C:\Users\Munieb AWAD\OneDrive - Swinburne University Of Technology Sarawak Campus\sem 4 y 2 s 2\Intelligent System\ass_github\COS30018_Assignment\DATA_SET\annotated_data\images\train_kelly_342.jpg</path>
	<source>
		<database>Unknown</database>
	</source>
	<size>
		<width>640</width>
		<height>640</height>
		<depth>3</depth>
	</size>
	<segmented>0</segmented>
	<object>
		<name>empty</name>
		<pose>Unspecified</pose>
		<truncated>0</truncated>
		<difficult>1</difficult>
		<bndbox>
			<xmin>185</xmin>
			<ymin>481</ymin>
			<xmax>386</xmax>
			<ymax>533</ymax>
		</bndbox>
	</object>
	<object>
		<name>empty</name>
		<pose>Unspecified</pose>
		<truncated>0</truncated>
		<difficult>1</difficult>
		<bndbox>
			<xmin>434</xmin>
			<ymin>486</ymin>
			<xmax>511</xmax>
			<ymax>539</ymax>
		</bndbox>
	</object>
	<object>
		<name>unorganised</name>
		<pose>Unspecified</pose>
		<truncated>0</truncated>
		<difficult>1</difficult>
		<bndbox>
			<xmin>145</xmin>
			<ymin>553</ymin>
			<xmax>241</xmax>
			<ymax>581</ymax>
		</bndbox>
	</object>
	<object>
		<name>empty</name>
		<pose>Unspecified</pose>
		<truncated>0</truncated>
		<difficult>1</difficult>
		<bndbox>
			<xmin>385</xmin>
			<ymin>377</ymin>
			<xmax>449</xmax>
			<ymax>422</ymax>
		</bndbox>
	</object>
	<object>
		<name>empty</name>
		<pose>Unspecified</pose>
		<truncated>0</truncated>
		<difficult>1</difficult>
		<bndbox>
			<xmin>471</xmin>
			<ymin>377</ymin>
			<xmax>522</xmax>
			<ymax>420</ymax>
		</bndbox>
	</object>
	<object>
		<name>empty</name>
		<pose>Unspecified</pose>
		<truncated>0</truncated>
		<difficult>1</difficult>
		<bndbox>
			<xmin>69</xmin>
			<ymin>372</ymin>
			<xmax>140</xmax>
			<ymax>411</ymax>
		</bndbox>
	</object>
	<object>
		<name>empty</name>
		<pose>Unspecified</pose>
		<truncated>0</truncated>
		<difficult>1</difficult>
		<bndbox>
			<xmin>25</xmin>
			<ymin>532</ymin>
			<xmax>65</xmax>
			<ymax>574</ymax>
		</bndbox>
	</object>
	<object>
		<name>empty</name>
		<pose>Unspecified</pose>
		<truncated>0</truncated>
		<difficult>1</difficult>
		<bndbox>
			<xmin>520</xmin>
			<ymin>320</ymin>
			<xmax>557</xmax>
			<ymax>370</ymax>
		</bndbox>
	</object>
	<object>
		<name>empty</name>
		<pose>Unspecified</pose>
		<truncated>0</truncated>
		<difficult>1</difficult>
		<bndbox>
			<xmin>424</xmin>
			<ymin>263</ymin>
			<xmax>511</xmax>
			<ymax>305</ymax>
		</bndbox>
	</object>
	<object>
		<name>empty</name>
		<pose>Unspecified</pose>
		<truncated>0</truncated>
		<difficult>1</difficult>
		<bndbox>
			<xmin>272</xmin>
			<ymin>279</ymin>
			<xmax>302</xmax>
			<ymax>313</ymax>
		</bndbox>
	</object>
	<object>
		<name>empty</name>
		<pose>Unspecified</pose>
		<truncated>0</truncated>
		<difficult>0</difficult>
		<bndbox>
			<xmin>329</xmin>
			<ymin>376</ymin>
			<xmax>354</xmax>
			<ymax>415</ymax>
		</bndbox>
	</object>
	<object>
		<name>empty</name>
		<pose>Unspecified</pose>
		<truncated>0</truncated>
		<difficult>0</difficult>
		<bndbox>
			<xmin>257</xmin>
			<ymin>428</ymin>
			<xmax>287</xmax>
			<ymax>469</ymax>
		</bndbox>
	</object>
	<object>
		<name>empty</name>
		<pose>Unspecified</pose>
		<truncated>0</truncated>
		<difficult>0</difficult>
		<bndbox>
			<xmin>199</xmin>
			<ymin>435</ymin>
			<xmax>223</xmax>
			<ymax>465</ymax>
		</bndbox>
	</object>
	<object>
		<name>empty</name>
		<pose>Unspecified</pose>
		<truncated>0</truncated>
		<difficult>0</difficult>
		<bndbox>
			<xmin>462</xmin>
			<ymin>437</ymin>
			<xmax>489</xmax>
			<ymax>476</ymax>
		</bndbox>
	</object>
	<object>
		<name>empty</name>
		<pose>Unspecified</pose>
		<truncated>0</truncated>
		<difficult>0</difficult>
		<bndbox>
			<xmin>605</xmin>
			<ymin>381</ymin>
			<xmax>638</xmax>
			<ymax>425</ymax>
		</bndbox>
	</object>
	<object>
		<name>empty</name>
		<pose>Unspecified</pose>
		<truncated>0</truncated>
		<difficult>0</difficult>
		<bndbox>
			<xmin>594</xmin>
			<ymin>319</ymin>
			<xmax>624</xmax>
			<ymax>365</ymax>
		</bndbox>
	</object>
	<object>
		<name>empty</name>
		<pose>Unspecified</pose>
		<truncated>0</truncated>
		<difficult>0</difficult>
		<bndbox>
			<xmin>394</xmin>
			<ymin>556</ymin>
			<xmax>451</xmax>
			<ymax>585</ymax>
		</bndbox>
	</object>
	<object>
		<name>unorganised</name>
		<pose>Unspecified</pose>
		<truncated>0</truncated>
		<difficult>0</difficult>
		<bndbox>
			<xmin>520</xmin>
			<ymin>559</ymin>
			<xmax>570</xmax>
			<ymax>576</ymax>
		</bndbox>
	</object>
</annotation>
