<annotation>
	<folder>Kellydataset</folder>
	<filename>train_kelly_26.jpg</filename>
	<path>C:\Users\Asus\OneDrive - Swinburne University Of Technology Sarawak Campus\Intelligent Systems-DESKTOP-83K3K67\Kellydataset\train_kelly_26.jpg</path>
	<source>
		<database>Unknown</database>
	</source>
	<size>
		<width>640</width>
		<height>640</height>
		<depth>3</depth>
	</size>
	<segmented>0</segmented>
	<object>
		<name>empty</name>
		<pose>Unspecified</pose>
		<truncated>0</truncated>
		<difficult>1</difficult>
		<bndbox>
			<xmin>252</xmin>
			<ymin>571</ymin>
			<xmax>283</xmax>
			<ymax>637</ymax>
		</bndbox>
	</object>
	<object>
		<name>empty</name>
		<pose>Unspecified</pose>
		<truncated>0</truncated>
		<difficult>1</difficult>
		<bndbox>
			<xmin>253</xmin>
			<ymin>497</ymin>
			<xmax>281</xmax>
			<ymax>547</ymax>
		</bndbox>
	</object>
	<object>
		<name>empty</name>
		<pose>Unspecified</pose>
		<truncated>0</truncated>
		<difficult>1</difficult>
		<bndbox>
			<xmin>581</xmin>
			<ymin>509</ymin>
			<xmax>606</xmax>
			<ymax>558</ymax>
		</bndbox>
	</object>
	<object>
		<name>empty</name>
		<pose>Unspecified</pose>
		<truncated>1</truncated>
		<difficult>1</difficult>
		<bndbox>
			<xmin>619</xmin>
			<ymin>76</ymin>
			<xmax>640</xmax>
			<ymax>148</ymax>
		</bndbox>
	</object>
	<object>
		<name>unorganised</name>
		<pose>Unspecified</pose>
		<truncated>1</truncated>
		<difficult>1</difficult>
		<bndbox>
			<xmin>509</xmin>
			<ymin>578</ymin>
			<xmax>592</xmax>
			<ymax>640</ymax>
		</bndbox>
	</object>
</annotation>
