<annotation>
	<folder>Munieb_data</folder>
	<filename>train_mun_329.jpg</filename>
	<path>C:\Users\Munieb AWAD\OneDrive - Swinburne University Of Technology Sarawak Campus\sem 4 y 2 s 2\Intelligent System\ass_github\COS30018_Assignment\DATA_SET\Munieb_data\train_mun_329.jpg</path>
	<source>
		<database>Unknown</database>
	</source>
	<size>
		<width>640</width>
		<height>640</height>
		<depth>3</depth>
	</size>
	<segmented>0</segmented>
	<object>
		<name>empty</name>
		<pose>Unspecified</pose>
		<truncated>0</truncated>
		<difficult>1</difficult>
		<bndbox>
			<xmin>270</xmin>
			<ymin>5</ymin>
			<xmax>305</xmax>
			<ymax>75</ymax>
		</bndbox>
	</object>
	<object>
		<name>empty</name>
		<pose>Unspecified</pose>
		<truncated>0</truncated>
		<difficult>1</difficult>
		<bndbox>
			<xmin>288</xmin>
			<ymin>284</ymin>
			<xmax>315</xmax>
			<ymax>336</ymax>
		</bndbox>
	</object>
	<object>
		<name>empty</name>
		<pose>Unspecified</pose>
		<truncated>0</truncated>
		<difficult>1</difficult>
		<bndbox>
			<xmin>276</xmin>
			<ymin>545</ymin>
			<xmax>303</xmax>
			<ymax>593</ymax>
		</bndbox>
	</object>
	<object>
		<name>empty</name>
		<pose>Unspecified</pose>
		<truncated>0</truncated>
		<difficult>1</difficult>
		<bndbox>
			<xmin>301</xmin>
			<ymin>543</ymin>
			<xmax>325</xmax>
			<ymax>600</ymax>
		</bndbox>
	</object>
	<object>
		<name>empty</name>
		<pose>Unspecified</pose>
		<truncated>0</truncated>
		<difficult>1</difficult>
		<bndbox>
			<xmin>323</xmin>
			<ymin>543</ymin>
			<xmax>358</xmax>
			<ymax>597</ymax>
		</bndbox>
	</object>
	<object>
		<name>unorganised</name>
		<pose>Unspecified</pose>
		<truncated>0</truncated>
		<difficult>1</difficult>
		<bndbox>
			<xmin>194</xmin>
			<ymin>121</ymin>
			<xmax>207</xmax>
			<ymax>166</ymax>
		</bndbox>
	</object>
	<object>
		<name>unorganised</name>
		<pose>Unspecified</pose>
		<truncated>0</truncated>
		<difficult>1</difficult>
		<bndbox>
			<xmin>379</xmin>
			<ymin>354</ymin>
			<xmax>405</xmax>
			<ymax>396</ymax>
		</bndbox>
	</object>
	<object>
		<name>unorganised</name>
		<pose>Unspecified</pose>
		<truncated>0</truncated>
		<difficult>1</difficult>
		<bndbox>
			<xmin>461</xmin>
			<ymin>359</ymin>
			<xmax>486</xmax>
			<ymax>416</ymax>
		</bndbox>
	</object>
	<object>
		<name>unorganised</name>
		<pose>Unspecified</pose>
		<truncated>0</truncated>
		<difficult>1</difficult>
		<bndbox>
			<xmin>370</xmin>
			<ymin>451</ymin>
			<xmax>386</xmax>
			<ymax>477</ymax>
		</bndbox>
	</object>
	<object>
		<name>unorganised</name>
		<pose>Unspecified</pose>
		<truncated>0</truncated>
		<difficult>1</difficult>
		<bndbox>
			<xmin>520</xmin>
			<ymin>577</ymin>
			<xmax>580</xmax>
			<ymax>634</ymax>
		</bndbox>
	</object>
	<object>
		<name>unorganised</name>
		<pose>Unspecified</pose>
		<truncated>0</truncated>
		<difficult>1</difficult>
		<bndbox>
			<xmin>35</xmin>
			<ymin>336</ymin>
			<xmax>57</xmax>
			<ymax>377</ymax>
		</bndbox>
	</object>
	<object>
		<name>unorganised</name>
		<pose>Unspecified</pose>
		<truncated>0</truncated>
		<difficult>1</difficult>
		<bndbox>
			<xmin>577</xmin>
			<ymin>117</ymin>
			<xmax>620</xmax>
			<ymax>166</ymax>
		</bndbox>
	</object>
</annotation>
