<annotation>
	<folder>Munieb_data</folder>
	<filename>train_mun_268.jpg</filename>
	<path>C:\Users\Munieb AWAD\OneDrive - Swinburne University Of Technology Sarawak Campus\sem 4 y 2 s 2\Intelligent System\ass_github\COS30018_Assignment\DATA_SET\Munieb_data\train_mun_268.jpg</path>
	<source>
		<database>Unknown</database>
	</source>
	<size>
		<width>640</width>
		<height>640</height>
		<depth>3</depth>
	</size>
	<segmented>0</segmented>
	<object>
		<name>empty</name>
		<pose>Unspecified</pose>
		<truncated>0</truncated>
		<difficult>1</difficult>
		<bndbox>
			<xmin>190</xmin>
			<ymin>73</ymin>
			<xmax>235</xmax>
			<ymax>121</ymax>
		</bndbox>
	</object>
	<object>
		<name>empty</name>
		<pose>Unspecified</pose>
		<truncated>0</truncated>
		<difficult>1</difficult>
		<bndbox>
			<xmin>532</xmin>
			<ymin>87</ymin>
			<xmax>553</xmax>
			<ymax>119</ymax>
		</bndbox>
	</object>
	<object>
		<name>empty</name>
		<pose>Unspecified</pose>
		<truncated>0</truncated>
		<difficult>1</difficult>
		<bndbox>
			<xmin>108</xmin>
			<ymin>146</ymin>
			<xmax>209</xmax>
			<ymax>181</ymax>
		</bndbox>
	</object>
	<object>
		<name>empty</name>
		<pose>Unspecified</pose>
		<truncated>0</truncated>
		<difficult>1</difficult>
		<bndbox>
			<xmin>424</xmin>
			<ymin>202</ymin>
			<xmax>460</xmax>
			<ymax>243</ymax>
		</bndbox>
	</object>
	<object>
		<name>empty</name>
		<pose>Unspecified</pose>
		<truncated>0</truncated>
		<difficult>1</difficult>
		<bndbox>
			<xmin>88</xmin>
			<ymin>309</ymin>
			<xmax>134</xmax>
			<ymax>345</ymax>
		</bndbox>
	</object>
	<object>
		<name>empty</name>
		<pose>Unspecified</pose>
		<truncated>0</truncated>
		<difficult>1</difficult>
		<bndbox>
			<xmin>344</xmin>
			<ymin>362</ymin>
			<xmax>383</xmax>
			<ymax>395</ymax>
		</bndbox>
	</object>
	<object>
		<name>empty</name>
		<pose>Unspecified</pose>
		<truncated>0</truncated>
		<difficult>1</difficult>
		<bndbox>
			<xmin>239</xmin>
			<ymin>410</ymin>
			<xmax>300</xmax>
			<ymax>430</ymax>
		</bndbox>
	</object>
	<object>
		<name>empty</name>
		<pose>Unspecified</pose>
		<truncated>0</truncated>
		<difficult>1</difficult>
		<bndbox>
			<xmin>53</xmin>
			<ymin>449</ymin>
			<xmax>110</xmax>
			<ymax>480</ymax>
		</bndbox>
	</object>
	<object>
		<name>empty</name>
		<pose>Unspecified</pose>
		<truncated>0</truncated>
		<difficult>1</difficult>
		<bndbox>
			<xmin>379</xmin>
			<ymin>493</ymin>
			<xmax>475</xmax>
			<ymax>531</ymax>
		</bndbox>
	</object>
	<object>
		<name>empty</name>
		<pose>Unspecified</pose>
		<truncated>0</truncated>
		<difficult>1</difficult>
		<bndbox>
			<xmin>36</xmin>
			<ymin>197</ymin>
			<xmax>67</xmax>
			<ymax>238</ymax>
		</bndbox>
	</object>
	<object>
		<name>unorganised</name>
		<pose>Unspecified</pose>
		<truncated>0</truncated>
		<difficult>1</difficult>
		<bndbox>
			<xmin>335</xmin>
			<ymin>257</ymin>
			<xmax>369</xmax>
			<ymax>293</ymax>
		</bndbox>
	</object>
	<object>
		<name>unorganised</name>
		<pose>Unspecified</pose>
		<truncated>0</truncated>
		<difficult>1</difficult>
		<bndbox>
			<xmin>229</xmin>
			<ymin>321</ymin>
			<xmax>252</xmax>
			<ymax>345</ymax>
		</bndbox>
	</object>
	<object>
		<name>unorganised</name>
		<pose>Unspecified</pose>
		<truncated>0</truncated>
		<difficult>1</difficult>
		<bndbox>
			<xmin>339</xmin>
			<ymin>78</ymin>
			<xmax>377</xmax>
			<ymax>119</ymax>
		</bndbox>
	</object>
	<object>
		<name>unorganised</name>
		<pose>Unspecified</pose>
		<truncated>0</truncated>
		<difficult>1</difficult>
		<bndbox>
			<xmin>420</xmin>
			<ymin>98</ymin>
			<xmax>444</xmax>
			<ymax>120</ymax>
		</bndbox>
	</object>
	<object>
		<name>unorganised</name>
		<pose>Unspecified</pose>
		<truncated>0</truncated>
		<difficult>1</difficult>
		<bndbox>
			<xmin>33</xmin>
			<ymin>149</ymin>
			<xmax>62</xmax>
			<ymax>175</ymax>
		</bndbox>
	</object>
	<object>
		<name>unorganised</name>
		<pose>Unspecified</pose>
		<truncated>0</truncated>
		<difficult>1</difficult>
		<bndbox>
			<xmin>473</xmin>
			<ymin>151</ymin>
			<xmax>488</xmax>
			<ymax>182</ymax>
		</bndbox>
	</object>
	<object>
		<name>unorganised</name>
		<pose>Unspecified</pose>
		<truncated>0</truncated>
		<difficult>1</difficult>
		<bndbox>
			<xmin>570</xmin>
			<ymin>155</ymin>
			<xmax>592</xmax>
			<ymax>179</ymax>
		</bndbox>
	</object>
	<object>
		<name>unorganised</name>
		<pose>Unspecified</pose>
		<truncated>0</truncated>
		<difficult>1</difficult>
		<bndbox>
			<xmin>288</xmin>
			<ymin>214</ymin>
			<xmax>325</xmax>
			<ymax>240</ymax>
		</bndbox>
	</object>
	<object>
		<name>unorganised</name>
		<pose>Unspecified</pose>
		<truncated>0</truncated>
		<difficult>1</difficult>
		<bndbox>
			<xmin>492</xmin>
			<ymin>262</ymin>
			<xmax>510</xmax>
			<ymax>293</ymax>
		</bndbox>
	</object>
	<object>
		<name>unorganised</name>
		<pose>Unspecified</pose>
		<truncated>0</truncated>
		<difficult>1</difficult>
		<bndbox>
			<xmin>429</xmin>
			<ymin>325</ymin>
			<xmax>481</xmax>
			<ymax>346</ymax>
		</bndbox>
	</object>
	<object>
		<name>empty</name>
		<pose>Unspecified</pose>
		<truncated>0</truncated>
		<difficult>1</difficult>
		<bndbox>
			<xmin>395</xmin>
			<ymin>311</ymin>
			<xmax>425</xmax>
			<ymax>345</ymax>
		</bndbox>
	</object>
	<object>
		<name>unorganised</name>
		<pose>Unspecified</pose>
		<truncated>0</truncated>
		<difficult>1</difficult>
		<bndbox>
			<xmin>480</xmin>
			<ymin>323</ymin>
			<xmax>521</xmax>
			<ymax>346</ymax>
		</bndbox>
	</object>
	<object>
		<name>unorganised</name>
		<pose>Unspecified</pose>
		<truncated>0</truncated>
		<difficult>1</difficult>
		<bndbox>
			<xmin>529</xmin>
			<ymin>375</ymin>
			<xmax>582</xmax>
			<ymax>394</ymax>
		</bndbox>
	</object>
	<object>
		<name>unorganised</name>
		<pose>Unspecified</pose>
		<truncated>0</truncated>
		<difficult>1</difficult>
		<bndbox>
			<xmin>188</xmin>
			<ymin>362</ymin>
			<xmax>223</xmax>
			<ymax>396</ymax>
		</bndbox>
	</object>
	<object>
		<name>unorganised</name>
		<pose>Unspecified</pose>
		<truncated>0</truncated>
		<difficult>1</difficult>
		<bndbox>
			<xmin>120</xmin>
			<ymin>412</ymin>
			<xmax>155</xmax>
			<ymax>434</ymax>
		</bndbox>
	</object>
	<object>
		<name>unorganised</name>
		<pose>Unspecified</pose>
		<truncated>0</truncated>
		<difficult>1</difficult>
		<bndbox>
			<xmin>112</xmin>
			<ymin>448</ymin>
			<xmax>166</xmax>
			<ymax>483</ymax>
		</bndbox>
	</object>
	<object>
		<name>unorganised</name>
		<pose>Unspecified</pose>
		<truncated>0</truncated>
		<difficult>1</difficult>
		<bndbox>
			<xmin>191</xmin>
			<ymin>493</ymin>
			<xmax>216</xmax>
			<ymax>536</ymax>
		</bndbox>
	</object>
	<object>
		<name>unorganised</name>
		<pose>Unspecified</pose>
		<truncated>0</truncated>
		<difficult>1</difficult>
		<bndbox>
			<xmin>479</xmin>
			<ymin>499</ymin>
			<xmax>514</xmax>
			<ymax>531</ymax>
		</bndbox>
	</object>
	<object>
		<name>unorganised</name>
		<pose>Unspecified</pose>
		<truncated>0</truncated>
		<difficult>1</difficult>
		<bndbox>
			<xmin>535</xmin>
			<ymin>456</ymin>
			<xmax>581</xmax>
			<ymax>479</ymax>
		</bndbox>
	</object>
	<object>
		<name>unorganised</name>
		<pose>Unspecified</pose>
		<truncated>1</truncated>
		<difficult>1</difficult>
		<bndbox>
			<xmin>606</xmin>
			<ymin>504</ymin>
			<xmax>640</xmax>
			<ymax>538</ymax>
		</bndbox>
	</object>
	<object>
		<name>empty</name>
		<pose>Unspecified</pose>
		<truncated>0</truncated>
		<difficult>1</difficult>
		<bndbox>
			<xmin>39</xmin>
			<ymin>492</ymin>
			<xmax>63</xmax>
			<ymax>530</ymax>
		</bndbox>
	</object>
	<object>
		<name>unorganised</name>
		<pose>Unspecified</pose>
		<truncated>0</truncated>
		<difficult>1</difficult>
		<bndbox>
			<xmin>47</xmin>
			<ymin>96</ymin>
			<xmax>77</xmax>
			<ymax>120</ymax>
		</bndbox>
	</object>
	<object>
		<name>unorganised</name>
		<pose>Unspecified</pose>
		<truncated>0</truncated>
		<difficult>1</difficult>
		<bndbox>
			<xmin>470</xmin>
			<ymin>408</ymin>
			<xmax>543</xmax>
			<ymax>430</ymax>
		</bndbox>
	</object>
</annotation>
