<annotation>
	<folder>Munieb_data</folder>
	<filename>train_mun_249.jpg</filename>
	<path>C:\Users\Munieb AWAD\OneDrive - Swinburne University Of Technology Sarawak Campus\sem 4 y 2 s 2\Intelligent System\ass_github\COS30018_Assignment\DATA_SET\Munieb_data\train_mun_249.jpg</path>
	<source>
		<database>Unknown</database>
	</source>
	<size>
		<width>640</width>
		<height>640</height>
		<depth>3</depth>
	</size>
	<segmented>0</segmented>
	<object>
		<name>empty</name>
		<pose>Unspecified</pose>
		<truncated>0</truncated>
		<difficult>1</difficult>
		<bndbox>
			<xmin>49</xmin>
			<ymin>115</ymin>
			<xmax>89</xmax>
			<ymax>156</ymax>
		</bndbox>
	</object>
	<object>
		<name>unorganised</name>
		<pose>Unspecified</pose>
		<truncated>0</truncated>
		<difficult>1</difficult>
		<bndbox>
			<xmin>100</xmin>
			<ymin>129</ymin>
			<xmax>134</xmax>
			<ymax>157</ymax>
		</bndbox>
	</object>
	<object>
		<name>unorganised</name>
		<pose>Unspecified</pose>
		<truncated>0</truncated>
		<difficult>1</difficult>
		<bndbox>
			<xmin>138</xmin>
			<ymin>125</ymin>
			<xmax>166</xmax>
			<ymax>161</ymax>
		</bndbox>
	</object>
	<object>
		<name>unorganised</name>
		<pose>Unspecified</pose>
		<truncated>0</truncated>
		<difficult>1</difficult>
		<bndbox>
			<xmin>162</xmin>
			<ymin>140</ymin>
			<xmax>221</xmax>
			<ymax>159</ymax>
		</bndbox>
	</object>
	<object>
		<name>unorganised</name>
		<pose>Unspecified</pose>
		<truncated>0</truncated>
		<difficult>1</difficult>
		<bndbox>
			<xmin>292</xmin>
			<ymin>143</ymin>
			<xmax>355</xmax>
			<ymax>161</ymax>
		</bndbox>
	</object>
	<object>
		<name>unorganised</name>
		<pose>Unspecified</pose>
		<truncated>0</truncated>
		<difficult>1</difficult>
		<bndbox>
			<xmin>284</xmin>
			<ymin>206</ymin>
			<xmax>341</xmax>
			<ymax>234</ymax>
		</bndbox>
	</object>
	<object>
		<name>unorganised</name>
		<pose>Unspecified</pose>
		<truncated>0</truncated>
		<difficult>1</difficult>
		<bndbox>
			<xmin>174</xmin>
			<ymin>214</ymin>
			<xmax>226</xmax>
			<ymax>242</ymax>
		</bndbox>
	</object>
	<object>
		<name>unorganised</name>
		<pose>Unspecified</pose>
		<truncated>0</truncated>
		<difficult>1</difficult>
		<bndbox>
			<xmin>376</xmin>
			<ymin>210</ymin>
			<xmax>430</xmax>
			<ymax>243</ymax>
		</bndbox>
	</object>
	<object>
		<name>empty</name>
		<pose>Unspecified</pose>
		<truncated>0</truncated>
		<difficult>1</difficult>
		<bndbox>
			<xmin>499</xmin>
			<ymin>197</ymin>
			<xmax>553</xmax>
			<ymax>242</ymax>
		</bndbox>
	</object>
	<object>
		<name>empty</name>
		<pose>Unspecified</pose>
		<truncated>1</truncated>
		<difficult>1</difficult>
		<bndbox>
			<xmin>558</xmin>
			<ymin>190</ymin>
			<xmax>640</xmax>
			<ymax>217</ymax>
		</bndbox>
	</object>
	<object>
		<name>unorganised</name>
		<pose>Unspecified</pose>
		<truncated>0</truncated>
		<difficult>1</difficult>
		<bndbox>
			<xmin>76</xmin>
			<ymin>260</ymin>
			<xmax>125</xmax>
			<ymax>296</ymax>
		</bndbox>
	</object>
	<object>
		<name>unorganised</name>
		<pose>Unspecified</pose>
		<truncated>0</truncated>
		<difficult>1</difficult>
		<bndbox>
			<xmin>59</xmin>
			<ymin>401</ymin>
			<xmax>99</xmax>
			<ymax>436</ymax>
		</bndbox>
	</object>
	<object>
		<name>unorganised</name>
		<pose>Unspecified</pose>
		<truncated>0</truncated>
		<difficult>1</difficult>
		<bndbox>
			<xmin>253</xmin>
			<ymin>399</ymin>
			<xmax>281</xmax>
			<ymax>424</ymax>
		</bndbox>
	</object>
	<object>
		<name>unorganised</name>
		<pose>Unspecified</pose>
		<truncated>0</truncated>
		<difficult>1</difficult>
		<bndbox>
			<xmin>484</xmin>
			<ymin>423</ymin>
			<xmax>526</xmax>
			<ymax>451</ymax>
		</bndbox>
	</object>
	<object>
		<name>unorganised</name>
		<pose>Unspecified</pose>
		<truncated>0</truncated>
		<difficult>1</difficult>
		<bndbox>
			<xmin>279</xmin>
			<ymin>469</ymin>
			<xmax>316</xmax>
			<ymax>501</ymax>
		</bndbox>
	</object>
	<object>
		<name>unorganised</name>
		<pose>Unspecified</pose>
		<truncated>0</truncated>
		<difficult>1</difficult>
		<bndbox>
			<xmin>442</xmin>
			<ymin>480</ymin>
			<xmax>484</xmax>
			<ymax>500</ymax>
		</bndbox>
	</object>
	<object>
		<name>unorganised</name>
		<pose>Unspecified</pose>
		<truncated>0</truncated>
		<difficult>1</difficult>
		<bndbox>
			<xmin>223</xmin>
			<ymin>547</ymin>
			<xmax>261</xmax>
			<ymax>573</ymax>
		</bndbox>
	</object>
	<object>
		<name>unorganised</name>
		<pose>Unspecified</pose>
		<truncated>0</truncated>
		<difficult>1</difficult>
		<bndbox>
			<xmin>53</xmin>
			<ymin>553</ymin>
			<xmax>101</xmax>
			<ymax>573</ymax>
		</bndbox>
	</object>
	<object>
		<name>unorganised</name>
		<pose>Unspecified</pose>
		<truncated>0</truncated>
		<difficult>1</difficult>
		<bndbox>
			<xmin>349</xmin>
			<ymin>537</ymin>
			<xmax>393</xmax>
			<ymax>567</ymax>
		</bndbox>
	</object>
	<object>
		<name>unorganised</name>
		<pose>Unspecified</pose>
		<truncated>0</truncated>
		<difficult>1</difficult>
		<bndbox>
			<xmin>491</xmin>
			<ymin>550</ymin>
			<xmax>530</xmax>
			<ymax>575</ymax>
		</bndbox>
	</object>
	<object>
		<name>unorganised</name>
		<pose>Unspecified</pose>
		<truncated>0</truncated>
		<difficult>1</difficult>
		<bndbox>
			<xmin>446</xmin>
			<ymin>545</ymin>
			<xmax>484</xmax>
			<ymax>571</ymax>
		</bndbox>
	</object>
	<object>
		<name>unorganised</name>
		<pose>Unspecified</pose>
		<truncated>0</truncated>
		<difficult>1</difficult>
		<bndbox>
			<xmin>487</xmin>
			<ymin>469</ymin>
			<xmax>538</xmax>
			<ymax>486</ymax>
		</bndbox>
	</object>
	<object>
		<name>unorganised</name>
		<pose>Unspecified</pose>
		<truncated>0</truncated>
		<difficult>1</difficult>
		<bndbox>
			<xmin>90</xmin>
			<ymin>357</ymin>
			<xmax>127</xmax>
			<ymax>381</ymax>
		</bndbox>
	</object>
</annotation>
