<annotation>
	<folder>images</folder>
	<filename>train_rafid_357.jpg</filename>
	<path>D:\IS\images\images\train_rafid_357.jpg</path>
	<source>
		<database>Unknown</database>
	</source>
	<size>
		<width>640</width>
		<height>640</height>
		<depth>3</depth>
	</size>
	<segmented>0</segmented>
	<object>
		<name>unorganised</name>
		<pose>Unspecified</pose>
		<truncated>0</truncated>
		<difficult>0</difficult>
		<bndbox>
			<xmin>164</xmin>
			<ymin>454</ymin>
			<xmax>191</xmax>
			<ymax>500</ymax>
		</bndbox>
	</object>
	<object>
		<name>unorganised</name>
		<pose>Unspecified</pose>
		<truncated>0</truncated>
		<difficult>0</difficult>
		<bndbox>
			<xmin>259</xmin>
			<ymin>519</ymin>
			<xmax>283</xmax>
			<ymax>559</ymax>
		</bndbox>
	</object>
</annotation>
