<annotation>
	<folder>Munieb_data</folder>
	<filename>train_mun_184.jpg</filename>
	<path>C:\Users\Munieb AWAD\OneDrive - Swinburne University Of Technology Sarawak Campus\sem 4 y 2 s 2\Intelligent System\ass_github\COS30018_Assignment\DATA_SET\Munieb_data\train_mun_184.jpg</path>
	<source>
		<database>Unknown</database>
	</source>
	<size>
		<width>640</width>
		<height>640</height>
		<depth>3</depth>
	</size>
	<segmented>0</segmented>
	<object>
		<name>unorganised</name>
		<pose>Unspecified</pose>
		<truncated>0</truncated>
		<difficult>1</difficult>
		<bndbox>
			<xmin>175</xmin>
			<ymin>77</ymin>
			<xmax>213</xmax>
			<ymax>131</ymax>
		</bndbox>
	</object>
	<object>
		<name>unorganised</name>
		<pose>Unspecified</pose>
		<truncated>0</truncated>
		<difficult>1</difficult>
		<bndbox>
			<xmin>366</xmin>
			<ymin>71</ymin>
			<xmax>397</xmax>
			<ymax>125</ymax>
		</bndbox>
	</object>
	<object>
		<name>empty</name>
		<pose>Unspecified</pose>
		<truncated>0</truncated>
		<difficult>1</difficult>
		<bndbox>
			<xmin>111</xmin>
			<ymin>163</ymin>
			<xmax>144</xmax>
			<ymax>210</ymax>
		</bndbox>
	</object>
	<object>
		<name>unorganised</name>
		<pose>Unspecified</pose>
		<truncated>0</truncated>
		<difficult>1</difficult>
		<bndbox>
			<xmin>138</xmin>
			<ymin>156</ymin>
			<xmax>174</xmax>
			<ymax>210</ymax>
		</bndbox>
	</object>
	<object>
		<name>unorganised</name>
		<pose>Unspecified</pose>
		<truncated>0</truncated>
		<difficult>1</difficult>
		<bndbox>
			<xmin>176</xmin>
			<ymin>151</ymin>
			<xmax>196</xmax>
			<ymax>214</ymax>
		</bndbox>
	</object>
	<object>
		<name>unorganised</name>
		<pose>Unspecified</pose>
		<truncated>0</truncated>
		<difficult>1</difficult>
		<bndbox>
			<xmin>313</xmin>
			<ymin>170</ymin>
			<xmax>357</xmax>
			<ymax>200</ymax>
		</bndbox>
	</object>
	<object>
		<name>unorganised</name>
		<pose>Unspecified</pose>
		<truncated>0</truncated>
		<difficult>1</difficult>
		<bndbox>
			<xmin>357</xmin>
			<ymin>163</ymin>
			<xmax>397</xmax>
			<ymax>211</ymax>
		</bndbox>
	</object>
	<object>
		<name>unorganised</name>
		<pose>Unspecified</pose>
		<truncated>0</truncated>
		<difficult>1</difficult>
		<bndbox>
			<xmin>255</xmin>
			<ymin>256</ymin>
			<xmax>301</xmax>
			<ymax>284</ymax>
		</bndbox>
	</object>
	<object>
		<name>unorganised</name>
		<pose>Unspecified</pose>
		<truncated>0</truncated>
		<difficult>1</difficult>
		<bndbox>
			<xmin>370</xmin>
			<ymin>254</ymin>
			<xmax>405</xmax>
			<ymax>283</ymax>
		</bndbox>
	</object>
	<object>
		<name>unorganised</name>
		<pose>Unspecified</pose>
		<truncated>0</truncated>
		<difficult>1</difficult>
		<bndbox>
			<xmin>444</xmin>
			<ymin>230</ymin>
			<xmax>479</xmax>
			<ymax>277</ymax>
		</bndbox>
	</object>
	<object>
		<name>unorganised</name>
		<pose>Unspecified</pose>
		<truncated>0</truncated>
		<difficult>1</difficult>
		<bndbox>
			<xmin>166</xmin>
			<ymin>330</ymin>
			<xmax>201</xmax>
			<ymax>351</ymax>
		</bndbox>
	</object>
	<object>
		<name>empty</name>
		<pose>Unspecified</pose>
		<truncated>0</truncated>
		<difficult>1</difficult>
		<bndbox>
			<xmin>34</xmin>
			<ymin>325</ymin>
			<xmax>79</xmax>
			<ymax>384</ymax>
		</bndbox>
	</object>
	<object>
		<name>empty</name>
		<pose>Unspecified</pose>
		<truncated>0</truncated>
		<difficult>1</difficult>
		<bndbox>
			<xmin>163</xmin>
			<ymin>393</ymin>
			<xmax>193</xmax>
			<ymax>422</ymax>
		</bndbox>
	</object>
	<object>
		<name>empty</name>
		<pose>Unspecified</pose>
		<truncated>0</truncated>
		<difficult>1</difficult>
		<bndbox>
			<xmin>222</xmin>
			<ymin>377</ymin>
			<xmax>255</xmax>
			<ymax>445</ymax>
		</bndbox>
	</object>
	<object>
		<name>unorganised</name>
		<pose>Unspecified</pose>
		<truncated>0</truncated>
		<difficult>1</difficult>
		<bndbox>
			<xmin>359</xmin>
			<ymin>385</ymin>
			<xmax>389</xmax>
			<ymax>435</ymax>
		</bndbox>
	</object>
	<object>
		<name>unorganised</name>
		<pose>Unspecified</pose>
		<truncated>0</truncated>
		<difficult>1</difficult>
		<bndbox>
			<xmin>396</xmin>
			<ymin>401</ymin>
			<xmax>430</xmax>
			<ymax>445</ymax>
		</bndbox>
	</object>
	<object>
		<name>unorganised</name>
		<pose>Unspecified</pose>
		<truncated>0</truncated>
		<difficult>1</difficult>
		<bndbox>
			<xmin>473</xmin>
			<ymin>408</ymin>
			<xmax>499</xmax>
			<ymax>450</ymax>
		</bndbox>
	</object>
	<object>
		<name>unorganised</name>
		<pose>Unspecified</pose>
		<truncated>0</truncated>
		<difficult>1</difficult>
		<bndbox>
			<xmin>329</xmin>
			<ymin>465</ymin>
			<xmax>364</xmax>
			<ymax>506</ymax>
		</bndbox>
	</object>
	<object>
		<name>empty</name>
		<pose>Unspecified</pose>
		<truncated>0</truncated>
		<difficult>1</difficult>
		<bndbox>
			<xmin>139</xmin>
			<ymin>445</ymin>
			<xmax>177</xmax>
			<ymax>497</ymax>
		</bndbox>
	</object>
	<object>
		<name>unorganised</name>
		<pose>Unspecified</pose>
		<truncated>0</truncated>
		<difficult>1</difficult>
		<bndbox>
			<xmin>173</xmin>
			<ymin>445</ymin>
			<xmax>205</xmax>
			<ymax>502</ymax>
		</bndbox>
	</object>
	<object>
		<name>unorganised</name>
		<pose>Unspecified</pose>
		<truncated>0</truncated>
		<difficult>1</difficult>
		<bndbox>
			<xmin>99</xmin>
			<ymin>467</ymin>
			<xmax>138</xmax>
			<ymax>523</ymax>
		</bndbox>
	</object>
	<object>
		<name>unorganised</name>
		<pose>Unspecified</pose>
		<truncated>0</truncated>
		<difficult>1</difficult>
		<bndbox>
			<xmin>268</xmin>
			<ymin>450</ymin>
			<xmax>299</xmax>
			<ymax>503</ymax>
		</bndbox>
	</object>
	<object>
		<name>unorganised</name>
		<pose>Unspecified</pose>
		<truncated>0</truncated>
		<difficult>1</difficult>
		<bndbox>
			<xmin>398</xmin>
			<ymin>453</ymin>
			<xmax>438</xmax>
			<ymax>511</ymax>
		</bndbox>
	</object>
	<object>
		<name>unorganised</name>
		<pose>Unspecified</pose>
		<truncated>0</truncated>
		<difficult>1</difficult>
		<bndbox>
			<xmin>237</xmin>
			<ymin>520</ymin>
			<xmax>272</xmax>
			<ymax>571</ymax>
		</bndbox>
	</object>
	<object>
		<name>unorganised</name>
		<pose>Unspecified</pose>
		<truncated>0</truncated>
		<difficult>1</difficult>
		<bndbox>
			<xmin>392</xmin>
			<ymin>536</ymin>
			<xmax>429</xmax>
			<ymax>580</ymax>
		</bndbox>
	</object>
	<object>
		<name>unorganised</name>
		<pose>Unspecified</pose>
		<truncated>0</truncated>
		<difficult>1</difficult>
		<bndbox>
			<xmin>568</xmin>
			<ymin>543</ymin>
			<xmax>598</xmax>
			<ymax>591</ymax>
		</bndbox>
	</object>
	<object>
		<name>unorganised</name>
		<pose>Unspecified</pose>
		<truncated>0</truncated>
		<difficult>1</difficult>
		<bndbox>
			<xmin>535</xmin>
			<ymin>532</ymin>
			<xmax>570</xmax>
			<ymax>599</ymax>
		</bndbox>
	</object>
	<object>
		<name>unorganised</name>
		<pose>Unspecified</pose>
		<truncated>1</truncated>
		<difficult>1</difficult>
		<bndbox>
			<xmin>598</xmin>
			<ymin>540</ymin>
			<xmax>640</xmax>
			<ymax>601</ymax>
		</bndbox>
	</object>
	<object>
		<name>unorganised</name>
		<pose>Unspecified</pose>
		<truncated>0</truncated>
		<difficult>1</difficult>
		<bndbox>
			<xmin>77</xmin>
			<ymin>532</ymin>
			<xmax>151</xmax>
			<ymax>617</ymax>
		</bndbox>
	</object>
	<object>
		<name>empty</name>
		<pose>Unspecified</pose>
		<truncated>0</truncated>
		<difficult>1</difficult>
		<bndbox>
			<xmin>25</xmin>
			<ymin>464</ymin>
			<xmax>60</xmax>
			<ymax>526</ymax>
		</bndbox>
	</object>
	<object>
		<name>empty</name>
		<pose>Unspecified</pose>
		<truncated>0</truncated>
		<difficult>1</difficult>
		<bndbox>
			<xmin>327</xmin>
			<ymin>526</ymin>
			<xmax>362</xmax>
			<ymax>577</ymax>
		</bndbox>
	</object>
</annotation>
