<annotation>
	<folder>images</folder>
	<filename>train_rafid_228.jpg</filename>
	<path>D:\IS\images\images\train_rafid_228.jpg</path>
	<source>
		<database>Unknown</database>
	</source>
	<size>
		<width>640</width>
		<height>640</height>
		<depth>3</depth>
	</size>
	<segmented>0</segmented>
	<object>
		<name>unorganised</name>
		<pose>Unspecified</pose>
		<truncated>0</truncated>
		<difficult>0</difficult>
		<bndbox>
			<xmin>378</xmin>
			<ymin>315</ymin>
			<xmax>403</xmax>
			<ymax>365</ymax>
		</bndbox>
	</object>
	<object>
		<name>unorganised</name>
		<pose>Unspecified</pose>
		<truncated>0</truncated>
		<difficult>0</difficult>
		<bndbox>
			<xmin>311</xmin>
			<ymin>380</ymin>
			<xmax>343</xmax>
			<ymax>430</ymax>
		</bndbox>
	</object>
	<object>
		<name>unorganised</name>
		<pose>Unspecified</pose>
		<truncated>0</truncated>
		<difficult>0</difficult>
		<bndbox>
			<xmin>93</xmin>
			<ymin>457</ymin>
			<xmax>129</xmax>
			<ymax>523</ymax>
		</bndbox>
	</object>
</annotation>
