<annotation>
	<folder>Munieb_data</folder>
	<filename>train_mun_343.jpg</filename>
	<path>C:\Users\Munieb AWAD\OneDrive - Swinburne University Of Technology Sarawak Campus\sem 4 y 2 s 2\Intelligent System\ass_github\COS30018_Assignment\DATA_SET\Munieb_data\train_mun_343.jpg</path>
	<source>
		<database>Unknown</database>
	</source>
	<size>
		<width>640</width>
		<height>640</height>
		<depth>3</depth>
	</size>
	<segmented>0</segmented>
	<object>
		<name>empty</name>
		<pose>Unspecified</pose>
		<truncated>0</truncated>
		<difficult>1</difficult>
		<bndbox>
			<xmin>175</xmin>
			<ymin>13</ymin>
			<xmax>206</xmax>
			<ymax>75</ymax>
		</bndbox>
	</object>
	<object>
		<name>empty</name>
		<pose>Unspecified</pose>
		<truncated>0</truncated>
		<difficult>1</difficult>
		<bndbox>
			<xmin>190</xmin>
			<ymin>113</ymin>
			<xmax>213</xmax>
			<ymax>175</ymax>
		</bndbox>
	</object>
	<object>
		<name>empty</name>
		<pose>Unspecified</pose>
		<truncated>0</truncated>
		<difficult>1</difficult>
		<bndbox>
			<xmin>302</xmin>
			<ymin>297</ymin>
			<xmax>338</xmax>
			<ymax>366</ymax>
		</bndbox>
	</object>
	<object>
		<name>empty</name>
		<pose>Unspecified</pose>
		<truncated>0</truncated>
		<difficult>1</difficult>
		<bndbox>
			<xmin>151</xmin>
			<ymin>390</ymin>
			<xmax>186</xmax>
			<ymax>442</ymax>
		</bndbox>
	</object>
	<object>
		<name>empty</name>
		<pose>Unspecified</pose>
		<truncated>0</truncated>
		<difficult>1</difficult>
		<bndbox>
			<xmin>85</xmin>
			<ymin>456</ymin>
			<xmax>151</xmax>
			<ymax>505</ymax>
		</bndbox>
	</object>
	<object>
		<name>unorganised</name>
		<pose>Unspecified</pose>
		<truncated>0</truncated>
		<difficult>1</difficult>
		<bndbox>
			<xmin>163</xmin>
			<ymin>457</ymin>
			<xmax>189</xmax>
			<ymax>475</ymax>
		</bndbox>
	</object>
	<object>
		<name>unorganised</name>
		<pose>Unspecified</pose>
		<truncated>0</truncated>
		<difficult>1</difficult>
		<bndbox>
			<xmin>106</xmin>
			<ymin>368</ymin>
			<xmax>153</xmax>
			<ymax>418</ymax>
		</bndbox>
	</object>
	<object>
		<name>unorganised</name>
		<pose>Unspecified</pose>
		<truncated>0</truncated>
		<difficult>1</difficult>
		<bndbox>
			<xmin>51</xmin>
			<ymin>221</ymin>
			<xmax>87</xmax>
			<ymax>258</ymax>
		</bndbox>
	</object>
	<object>
		<name>unorganised</name>
		<pose>Unspecified</pose>
		<truncated>0</truncated>
		<difficult>1</difficult>
		<bndbox>
			<xmin>549</xmin>
			<ymin>140</ymin>
			<xmax>580</xmax>
			<ymax>207</ymax>
		</bndbox>
	</object>
	<object>
		<name>unorganised</name>
		<pose>Unspecified</pose>
		<truncated>0</truncated>
		<difficult>1</difficult>
		<bndbox>
			<xmin>440</xmin>
			<ymin>451</ymin>
			<xmax>475</xmax>
			<ymax>490</ymax>
		</bndbox>
	</object>
	<object>
		<name>unorganised</name>
		<pose>Unspecified</pose>
		<truncated>0</truncated>
		<difficult>1</difficult>
		<bndbox>
			<xmin>596</xmin>
			<ymin>433</ymin>
			<xmax>615</xmax>
			<ymax>476</ymax>
		</bndbox>
	</object>
	<object>
		<name>unorganised</name>
		<pose>Unspecified</pose>
		<truncated>0</truncated>
		<difficult>1</difficult>
		<bndbox>
			<xmin>490</xmin>
			<ymin>508</ymin>
			<xmax>504</xmax>
			<ymax>560</ymax>
		</bndbox>
	</object>
	<object>
		<name>unorganised</name>
		<pose>Unspecified</pose>
		<truncated>0</truncated>
		<difficult>1</difficult>
		<bndbox>
			<xmin>505</xmin>
			<ymin>505</ymin>
			<xmax>522</xmax>
			<ymax>555</ymax>
		</bndbox>
	</object>
	<object>
		<name>unorganised</name>
		<pose>Unspecified</pose>
		<truncated>0</truncated>
		<difficult>1</difficult>
		<bndbox>
			<xmin>389</xmin>
			<ymin>514</ymin>
			<xmax>407</xmax>
			<ymax>559</ymax>
		</bndbox>
	</object>
	<object>
		<name>unorganised</name>
		<pose>Unspecified</pose>
		<truncated>0</truncated>
		<difficult>1</difficult>
		<bndbox>
			<xmin>342</xmin>
			<ymin>512</ymin>
			<xmax>361</xmax>
			<ymax>535</ymax>
		</bndbox>
	</object>
	<object>
		<name>empty</name>
		<pose>Unspecified</pose>
		<truncated>0</truncated>
		<difficult>1</difficult>
		<bndbox>
			<xmin>304</xmin>
			<ymin>517</ymin>
			<xmax>325</xmax>
			<ymax>582</ymax>
		</bndbox>
	</object>
	<object>
		<name>unorganised</name>
		<pose>Unspecified</pose>
		<truncated>0</truncated>
		<difficult>1</difficult>
		<bndbox>
			<xmin>591</xmin>
			<ymin>504</ymin>
			<xmax>600</xmax>
			<ymax>523</ymax>
		</bndbox>
	</object>
	<object>
		<name>empty</name>
		<pose>Unspecified</pose>
		<truncated>0</truncated>
		<difficult>1</difficult>
		<bndbox>
			<xmin>577</xmin>
			<ymin>230</ymin>
			<xmax>605</xmax>
			<ymax>308</ymax>
		</bndbox>
	</object>
</annotation>
