<annotation>
	<folder>Munieb_data</folder>
	<filename>train_mun_175.jpg</filename>
	<path>C:\Users\Munieb AWAD\OneDrive - Swinburne University Of Technology Sarawak Campus\sem 4 y 2 s 2\Intelligent System\ass_github\COS30018_Assignment\DATA_SET\Munieb_data\train_mun_175.jpg</path>
	<source>
		<database>Unknown</database>
	</source>
	<size>
		<width>640</width>
		<height>640</height>
		<depth>3</depth>
	</size>
	<segmented>0</segmented>
	<object>
		<name>unorganised</name>
		<pose>Unspecified</pose>
		<truncated>0</truncated>
		<difficult>1</difficult>
		<bndbox>
			<xmin>156</xmin>
			<ymin>140</ymin>
			<xmax>183</xmax>
			<ymax>188</ymax>
		</bndbox>
	</object>
	<object>
		<name>unorganised</name>
		<pose>Unspecified</pose>
		<truncated>0</truncated>
		<difficult>1</difficult>
		<bndbox>
			<xmin>194</xmin>
			<ymin>130</ymin>
			<xmax>327</xmax>
			<ymax>193</ymax>
		</bndbox>
	</object>
	<object>
		<name>unorganised</name>
		<pose>Unspecified</pose>
		<truncated>0</truncated>
		<difficult>1</difficult>
		<bndbox>
			<xmin>218</xmin>
			<ymin>293</ymin>
			<xmax>273</xmax>
			<ymax>343</ymax>
		</bndbox>
	</object>
	<object>
		<name>unorganised</name>
		<pose>Unspecified</pose>
		<truncated>0</truncated>
		<difficult>1</difficult>
		<bndbox>
			<xmin>294</xmin>
			<ymin>495</ymin>
			<xmax>325</xmax>
			<ymax>525</ymax>
		</bndbox>
	</object>
	<object>
		<name>unorganised</name>
		<pose>Unspecified</pose>
		<truncated>0</truncated>
		<difficult>1</difficult>
		<bndbox>
			<xmin>323</xmin>
			<ymin>490</ymin>
			<xmax>359</xmax>
			<ymax>526</ymax>
		</bndbox>
	</object>
	<object>
		<name>unorganised</name>
		<pose>Unspecified</pose>
		<truncated>0</truncated>
		<difficult>1</difficult>
		<bndbox>
			<xmin>86</xmin>
			<ymin>456</ymin>
			<xmax>112</xmax>
			<ymax>495</ymax>
		</bndbox>
	</object>
	<object>
		<name>empty</name>
		<pose>Unspecified</pose>
		<truncated>1</truncated>
		<difficult>1</difficult>
		<bndbox>
			<xmin>1</xmin>
			<ymin>71</ymin>
			<xmax>119</xmax>
			<ymax>108</ymax>
		</bndbox>
	</object>
	<object>
		<name>empty</name>
		<pose>Unspecified</pose>
		<truncated>0</truncated>
		<difficult>1</difficult>
		<bndbox>
			<xmin>229</xmin>
			<ymin>71</ymin>
			<xmax>485</xmax>
			<ymax>113</ymax>
		</bndbox>
	</object>
	<object>
		<name>empty</name>
		<pose>Unspecified</pose>
		<truncated>1</truncated>
		<difficult>1</difficult>
		<bndbox>
			<xmin>585</xmin>
			<ymin>49</ymin>
			<xmax>640</xmax>
			<ymax>110</ymax>
		</bndbox>
	</object>
	<object>
		<name>empty</name>
		<pose>Unspecified</pose>
		<truncated>0</truncated>
		<difficult>1</difficult>
		<bndbox>
			<xmin>164</xmin>
			<ymin>212</ymin>
			<xmax>290</xmax>
			<ymax>273</ymax>
		</bndbox>
	</object>
	<object>
		<name>empty</name>
		<pose>Unspecified</pose>
		<truncated>0</truncated>
		<difficult>1</difficult>
		<bndbox>
			<xmin>336</xmin>
			<ymin>206</ymin>
			<xmax>492</xmax>
			<ymax>271</ymax>
		</bndbox>
	</object>
	<object>
		<name>unorganised</name>
		<pose>Unspecified</pose>
		<truncated>0</truncated>
		<difficult>1</difficult>
		<bndbox>
			<xmin>587</xmin>
			<ymin>208</ymin>
			<xmax>638</xmax>
			<ymax>272</ymax>
		</bndbox>
	</object>
	<object>
		<name>empty</name>
		<pose>Unspecified</pose>
		<truncated>0</truncated>
		<difficult>1</difficult>
		<bndbox>
			<xmin>60</xmin>
			<ymin>259</ymin>
			<xmax>112</xmax>
			<ymax>316</ymax>
		</bndbox>
	</object>
</annotation>
