<annotation>
	<folder>Munieb_data</folder>
	<filename>train_mun_246.jpg</filename>
	<path>C:\Users\Munieb AWAD\OneDrive - Swinburne University Of Technology Sarawak Campus\sem 4 y 2 s 2\Intelligent System\ass_github\COS30018_Assignment\DATA_SET\Munieb_data\train_mun_246.jpg</path>
	<source>
		<database>Unknown</database>
	</source>
	<size>
		<width>640</width>
		<height>640</height>
		<depth>3</depth>
	</size>
	<segmented>0</segmented>
	<object>
		<name>unorganised</name>
		<pose>Unspecified</pose>
		<truncated>0</truncated>
		<difficult>1</difficult>
		<bndbox>
			<xmin>246</xmin>
			<ymin>115</ymin>
			<xmax>292</xmax>
			<ymax>130</ymax>
		</bndbox>
	</object>
	<object>
		<name>unorganised</name>
		<pose>Unspecified</pose>
		<truncated>0</truncated>
		<difficult>1</difficult>
		<bndbox>
			<xmin>290</xmin>
			<ymin>116</ymin>
			<xmax>338</xmax>
			<ymax>129</ymax>
		</bndbox>
	</object>
	<object>
		<name>empty</name>
		<pose>Unspecified</pose>
		<truncated>0</truncated>
		<difficult>1</difficult>
		<bndbox>
			<xmin>173</xmin>
			<ymin>155</ymin>
			<xmax>202</xmax>
			<ymax>197</ymax>
		</bndbox>
	</object>
	<object>
		<name>unorganised</name>
		<pose>Unspecified</pose>
		<truncated>0</truncated>
		<difficult>1</difficult>
		<bndbox>
			<xmin>305</xmin>
			<ymin>178</ymin>
			<xmax>366</xmax>
			<ymax>198</ymax>
		</bndbox>
	</object>
	<object>
		<name>unorganised</name>
		<pose>Unspecified</pose>
		<truncated>0</truncated>
		<difficult>1</difficult>
		<bndbox>
			<xmin>137</xmin>
			<ymin>264</ymin>
			<xmax>163</xmax>
			<ymax>294</ymax>
		</bndbox>
	</object>
	<object>
		<name>unorganised</name>
		<pose>Unspecified</pose>
		<truncated>0</truncated>
		<difficult>1</difficult>
		<bndbox>
			<xmin>99</xmin>
			<ymin>263</ymin>
			<xmax>133</xmax>
			<ymax>295</ymax>
		</bndbox>
	</object>
	<object>
		<name>unorganised</name>
		<pose>Unspecified</pose>
		<truncated>0</truncated>
		<difficult>1</difficult>
		<bndbox>
			<xmin>66</xmin>
			<ymin>277</ymin>
			<xmax>97</xmax>
			<ymax>295</ymax>
		</bndbox>
	</object>
	<object>
		<name>unorganised</name>
		<pose>Unspecified</pose>
		<truncated>0</truncated>
		<difficult>1</difficult>
		<bndbox>
			<xmin>249</xmin>
			<ymin>324</ymin>
			<xmax>281</xmax>
			<ymax>360</ymax>
		</bndbox>
	</object>
	<object>
		<name>empty</name>
		<pose>Unspecified</pose>
		<truncated>0</truncated>
		<difficult>1</difficult>
		<bndbox>
			<xmin>443</xmin>
			<ymin>370</ymin>
			<xmax>473</xmax>
			<ymax>399</ymax>
		</bndbox>
	</object>
	<object>
		<name>unorganised</name>
		<pose>Unspecified</pose>
		<truncated>0</truncated>
		<difficult>1</difficult>
		<bndbox>
			<xmin>277</xmin>
			<ymin>474</ymin>
			<xmax>315</xmax>
			<ymax>523</ymax>
		</bndbox>
	</object>
	<object>
		<name>unorganised</name>
		<pose>Unspecified</pose>
		<truncated>0</truncated>
		<difficult>1</difficult>
		<bndbox>
			<xmin>422</xmin>
			<ymin>471</ymin>
			<xmax>452</xmax>
			<ymax>502</ymax>
		</bndbox>
	</object>
	<object>
		<name>unorganised</name>
		<pose>Unspecified</pose>
		<truncated>0</truncated>
		<difficult>1</difficult>
		<bndbox>
			<xmin>460</xmin>
			<ymin>487</ymin>
			<xmax>501</xmax>
			<ymax>516</ymax>
		</bndbox>
	</object>
	<object>
		<name>unorganised</name>
		<pose>Unspecified</pose>
		<truncated>0</truncated>
		<difficult>1</difficult>
		<bndbox>
			<xmin>503</xmin>
			<ymin>484</ymin>
			<xmax>547</xmax>
			<ymax>514</ymax>
		</bndbox>
	</object>
</annotation>
