<annotation>
	<folder>images</folder>
	<filename>train_rafid_105.jpg</filename>
	<path>D:\IS\images\images\train_rafid_105.jpg</path>
	<source>
		<database>Unknown</database>
	</source>
	<size>
		<width>640</width>
		<height>640</height>
		<depth>3</depth>
	</size>
	<segmented>0</segmented>
	<object>
		<name>unorganised</name>
		<pose>Unspecified</pose>
		<truncated>0</truncated>
		<difficult>1</difficult>
		<bndbox>
			<xmin>361</xmin>
			<ymin>141</ymin>
			<xmax>391</xmax>
			<ymax>181</ymax>
		</bndbox>
	</object>
	<object>
		<name>unorganised</name>
		<pose>Unspecified</pose>
		<truncated>0</truncated>
		<difficult>1</difficult>
		<bndbox>
			<xmin>290</xmin>
			<ymin>140</ymin>
			<xmax>309</xmax>
			<ymax>183</ymax>
		</bndbox>
	</object>
</annotation>
