<annotation>
	<folder>Munieb_data</folder>
	<filename>train_mun_115.jpg</filename>
	<path>C:\Users\Munieb AWAD\OneDrive - Swinburne University Of Technology Sarawak Campus\sem 4 y 2 s 2\Intelligent System\ass_github\COS30018_Assignment\DATA_SET\Munieb_data\train_mun_115.jpg</path>
	<source>
		<database>Unknown</database>
	</source>
	<size>
		<width>640</width>
		<height>640</height>
		<depth>3</depth>
	</size>
	<segmented>0</segmented>
	<object>
		<name>unorganised</name>
		<pose>Unspecified</pose>
		<truncated>0</truncated>
		<difficult>1</difficult>
		<bndbox>
			<xmin>99</xmin>
			<ymin>152</ymin>
			<xmax>151</xmax>
			<ymax>198</ymax>
		</bndbox>
	</object>
	<object>
		<name>unorganised</name>
		<pose>Unspecified</pose>
		<truncated>0</truncated>
		<difficult>1</difficult>
		<bndbox>
			<xmin>313</xmin>
			<ymin>153</ymin>
			<xmax>347</xmax>
			<ymax>203</ymax>
		</bndbox>
	</object>
	<object>
		<name>unorganised</name>
		<pose>Unspecified</pose>
		<truncated>0</truncated>
		<difficult>1</difficult>
		<bndbox>
			<xmin>141</xmin>
			<ymin>219</ymin>
			<xmax>173</xmax>
			<ymax>261</ymax>
		</bndbox>
	</object>
	<object>
		<name>unorganised</name>
		<pose>Unspecified</pose>
		<truncated>0</truncated>
		<difficult>1</difficult>
		<bndbox>
			<xmin>105</xmin>
			<ymin>212</ymin>
			<xmax>145</xmax>
			<ymax>262</ymax>
		</bndbox>
	</object>
	<object>
		<name>unorganised</name>
		<pose>Unspecified</pose>
		<truncated>0</truncated>
		<difficult>1</difficult>
		<bndbox>
			<xmin>167</xmin>
			<ymin>214</ymin>
			<xmax>198</xmax>
			<ymax>264</ymax>
		</bndbox>
	</object>
	<object>
		<name>unorganised</name>
		<pose>Unspecified</pose>
		<truncated>0</truncated>
		<difficult>1</difficult>
		<bndbox>
			<xmin>101</xmin>
			<ymin>206</ymin>
			<xmax>203</xmax>
			<ymax>273</ymax>
		</bndbox>
	</object>
	<object>
		<name>unorganised</name>
		<pose>Unspecified</pose>
		<truncated>0</truncated>
		<difficult>1</difficult>
		<bndbox>
			<xmin>303</xmin>
			<ymin>219</ymin>
			<xmax>329</xmax>
			<ymax>264</ymax>
		</bndbox>
	</object>
	<object>
		<name>unorganised</name>
		<pose>Unspecified</pose>
		<truncated>0</truncated>
		<difficult>1</difficult>
		<bndbox>
			<xmin>105</xmin>
			<ymin>276</ymin>
			<xmax>131</xmax>
			<ymax>324</ymax>
		</bndbox>
	</object>
	<object>
		<name>unorganised</name>
		<pose>Unspecified</pose>
		<truncated>0</truncated>
		<difficult>1</difficult>
		<bndbox>
			<xmin>155</xmin>
			<ymin>279</ymin>
			<xmax>205</xmax>
			<ymax>319</ymax>
		</bndbox>
	</object>
	<object>
		<name>unorganised</name>
		<pose>Unspecified</pose>
		<truncated>0</truncated>
		<difficult>1</difficult>
		<bndbox>
			<xmin>201</xmin>
			<ymin>280</ymin>
			<xmax>238</xmax>
			<ymax>323</ymax>
		</bndbox>
	</object>
	<object>
		<name>unorganised</name>
		<pose>Unspecified</pose>
		<truncated>0</truncated>
		<difficult>1</difficult>
		<bndbox>
			<xmin>286</xmin>
			<ymin>280</ymin>
			<xmax>303</xmax>
			<ymax>322</ymax>
		</bndbox>
	</object>
	<object>
		<name>unorganised</name>
		<pose>Unspecified</pose>
		<truncated>0</truncated>
		<difficult>1</difficult>
		<bndbox>
			<xmin>108</xmin>
			<ymin>340</ymin>
			<xmax>136</xmax>
			<ymax>386</ymax>
		</bndbox>
	</object>
	<object>
		<name>unorganised</name>
		<pose>Unspecified</pose>
		<truncated>0</truncated>
		<difficult>1</difficult>
		<bndbox>
			<xmin>329</xmin>
			<ymin>343</ymin>
			<xmax>359</xmax>
			<ymax>390</ymax>
		</bndbox>
	</object>
	<object>
		<name>unorganised</name>
		<pose>Unspecified</pose>
		<truncated>0</truncated>
		<difficult>1</difficult>
		<bndbox>
			<xmin>349</xmin>
			<ymin>356</ymin>
			<xmax>393</xmax>
			<ymax>384</ymax>
		</bndbox>
	</object>
	<object>
		<name>unorganised</name>
		<pose>Unspecified</pose>
		<truncated>0</truncated>
		<difficult>1</difficult>
		<bndbox>
			<xmin>390</xmin>
			<ymin>341</ymin>
			<xmax>419</xmax>
			<ymax>384</ymax>
		</bndbox>
	</object>
	<object>
		<name>unorganised</name>
		<pose>Unspecified</pose>
		<truncated>0</truncated>
		<difficult>1</difficult>
		<bndbox>
			<xmin>425</xmin>
			<ymin>359</ymin>
			<xmax>474</xmax>
			<ymax>382</ymax>
		</bndbox>
	</object>
	<object>
		<name>unorganised</name>
		<pose>Unspecified</pose>
		<truncated>0</truncated>
		<difficult>1</difficult>
		<bndbox>
			<xmin>162</xmin>
			<ymin>403</ymin>
			<xmax>204</xmax>
			<ymax>445</ymax>
		</bndbox>
	</object>
	<object>
		<name>unorganised</name>
		<pose>Unspecified</pose>
		<truncated>0</truncated>
		<difficult>1</difficult>
		<bndbox>
			<xmin>112</xmin>
			<ymin>464</ymin>
			<xmax>138</xmax>
			<ymax>508</ymax>
		</bndbox>
	</object>
	<object>
		<name>unorganised</name>
		<pose>Unspecified</pose>
		<truncated>0</truncated>
		<difficult>1</difficult>
		<bndbox>
			<xmin>180</xmin>
			<ymin>459</ymin>
			<xmax>207</xmax>
			<ymax>506</ymax>
		</bndbox>
	</object>
	<object>
		<name>unorganised</name>
		<pose>Unspecified</pose>
		<truncated>0</truncated>
		<difficult>1</difficult>
		<bndbox>
			<xmin>78</xmin>
			<ymin>405</ymin>
			<xmax>105</xmax>
			<ymax>448</ymax>
		</bndbox>
	</object>
	<object>
		<name>unorganised</name>
		<pose>Unspecified</pose>
		<truncated>0</truncated>
		<difficult>1</difficult>
		<bndbox>
			<xmin>522</xmin>
			<ymin>338</ymin>
			<xmax>560</xmax>
			<ymax>383</ymax>
		</bndbox>
	</object>
</annotation>
