<annotation>
	<folder>images</folder>
	<filename>train_rafid_345.jpg</filename>
	<path>D:\IS\images\images\train_rafid_345.jpg</path>
	<source>
		<database>Unknown</database>
	</source>
	<size>
		<width>640</width>
		<height>640</height>
		<depth>3</depth>
	</size>
	<segmented>0</segmented>
	<object>
		<name>unorganised</name>
		<pose>Unspecified</pose>
		<truncated>0</truncated>
		<difficult>1</difficult>
		<bndbox>
			<xmin>254</xmin>
			<ymin>280</ymin>
			<xmax>310</xmax>
			<ymax>329</ymax>
		</bndbox>
	</object>
	<object>
		<name>unorganised</name>
		<pose>Unspecified</pose>
		<truncated>0</truncated>
		<difficult>1</difficult>
		<bndbox>
			<xmin>240</xmin>
			<ymin>360</ymin>
			<xmax>288</xmax>
			<ymax>393</ymax>
		</bndbox>
	</object>
	<object>
		<name>unorganised</name>
		<pose>Unspecified</pose>
		<truncated>0</truncated>
		<difficult>0</difficult>
		<bndbox>
			<xmin>453</xmin>
			<ymin>440</ymin>
			<xmax>505</xmax>
			<ymax>473</ymax>
		</bndbox>
	</object>
</annotation>
